"Gender","Unemployment Age","Unemployment Year","Month","Unemployment Rate"
"Both","15 - 24 years","1998","01",56.5
"Both","15 - 74 years","1998","01",154.4
"Both","25 - 74 years","1998","01",97.9
"Male","15 - 24 years","1998","01",32.1
"Male","15 - 74 years","1998","01",88.5
"Male","25 - 74 years","1998","01",56.4
"Female","15 - 24 years","1998","01",24.4
"Female","15 - 74 years","1998","01",66
"Female","25 - 74 years","1998","01",41.6
"Both","15 - 24 years","1998","02",55.5
"Both","15 - 74 years","1998","02",156.1
"Both","25 - 74 years","1998","02",100.6
"Male","15 - 24 years","1998","02",31.6
"Male","15 - 74 years","1998","02",89.5
"Male","25 - 74 years","1998","02",57.9
"Female","15 - 24 years","1998","02",23.9
"Female","15 - 74 years","1998","02",66.6
"Female","25 - 74 years","1998","02",42.7
"Both","15 - 24 years","1998","03",53.1
"Both","15 - 74 years","1998","03",152.1
"Both","25 - 74 years","1998","03",99
"Male","15 - 24 years","1998","03",30.1
"Male","15 - 74 years","1998","03",87.2
"Male","25 - 74 years","1998","03",57.1
"Female","15 - 24 years","1998","03",23
"Female","15 - 74 years","1998","03",64.9
"Female","25 - 74 years","1998","03",42
"Both","15 - 24 years","1998","04",49
"Both","15 - 74 years","1998","04",142.3
"Both","25 - 74 years","1998","04",93.3
"Male","15 - 24 years","1998","04",27.5
"Male","15 - 74 years","1998","04",81.8
"Male","25 - 74 years","1998","04",54.4
"Female","15 - 24 years","1998","04",21.5
"Female","15 - 74 years","1998","04",60.4
"Female","25 - 74 years","1998","04",38.9
"Both","15 - 24 years","1998","05",46.2
"Both","15 - 74 years","1998","05",135.6
"Both","25 - 74 years","1998","05",89.5
"Male","15 - 24 years","1998","05",26
"Male","15 - 74 years","1998","05",78.7
"Male","25 - 74 years","1998","05",52.7
"Female","15 - 24 years","1998","05",20.2
"Female","15 - 74 years","1998","05",57
"Female","25 - 74 years","1998","05",36.8
"Both","15 - 24 years","1998","06",44.7
"Both","15 - 74 years","1998","06",131.1
"Both","25 - 74 years","1998","06",86.5
"Male","15 - 24 years","1998","06",25.6
"Male","15 - 74 years","1998","06",76.9
"Male","25 - 74 years","1998","06",51.3
"Female","15 - 24 years","1998","06",19.1
"Female","15 - 74 years","1998","06",54.3
"Female","25 - 74 years","1998","06",35.2
"Both","15 - 24 years","1998","07",43.3
"Both","15 - 74 years","1998","07",129.6
"Both","25 - 74 years","1998","07",86.3
"Male","15 - 24 years","1998","07",25
"Male","15 - 74 years","1998","07",76.2
"Male","25 - 74 years","1998","07",51.2
"Female","15 - 24 years","1998","07",18.3
"Female","15 - 74 years","1998","07",53.4
"Female","25 - 74 years","1998","07",35.1
"Both","15 - 24 years","1998","08",42.6
"Both","15 - 74 years","1998","08",127.4
"Both","25 - 74 years","1998","08",84.7
"Male","15 - 24 years","1998","08",24.9
"Male","15 - 74 years","1998","08",75.1
"Male","25 - 74 years","1998","08",50.2
"Female","15 - 24 years","1998","08",17.8
"Female","15 - 74 years","1998","08",52.3
"Female","25 - 74 years","1998","08",34.5
"Both","15 - 24 years","1998","09",42.3
"Both","15 - 74 years","1998","09",124.9
"Both","25 - 74 years","1998","09",82.6
"Male","15 - 24 years","1998","09",24.5
"Male","15 - 74 years","1998","09",73
"Male","25 - 74 years","1998","09",48.5
"Female","15 - 24 years","1998","09",17.8
"Female","15 - 74 years","1998","09",51.9
"Female","25 - 74 years","1998","09",34.1
"Both","15 - 24 years","1998","10",41.8
"Both","15 - 74 years","1998","10",120.2
"Both","25 - 74 years","1998","10",78.4
"Male","15 - 24 years","1998","10",23.9
"Male","15 - 74 years","1998","10",69.9
"Male","25 - 74 years","1998","10",46.1
"Female","15 - 24 years","1998","10",17.9
"Female","15 - 74 years","1998","10",50.3
"Female","25 - 74 years","1998","10",32.4
"Both","15 - 24 years","1998","11",41.1
"Both","15 - 74 years","1998","11",115.6
"Both","25 - 74 years","1998","11",74.4
"Male","15 - 24 years","1998","11",23.2
"Male","15 - 74 years","1998","11",66.8
"Male","25 - 74 years","1998","11",43.7
"Female","15 - 24 years","1998","11",18
"Female","15 - 74 years","1998","11",48.7
"Female","25 - 74 years","1998","11",30.7
"Both","15 - 24 years","1998","12",41.6
"Both","15 - 74 years","1998","12",115.6
"Both","25 - 74 years","1998","12",74
"Male","15 - 24 years","1998","12",23.3
"Male","15 - 74 years","1998","12",66.6
"Male","25 - 74 years","1998","12",43.3
"Female","15 - 24 years","1998","12",18.3
"Female","15 - 74 years","1998","12",49
"Female","25 - 74 years","1998","12",30.7
"Both","15 - 24 years","1999","01",40.8
"Both","15 - 74 years","1999","01",115.1
"Both","25 - 74 years","1999","01",74.3
"Male","15 - 24 years","1999","01",23.3
"Male","15 - 74 years","1999","01",66.2
"Male","25 - 74 years","1999","01",42.9
"Female","15 - 24 years","1999","01",17.6
"Female","15 - 74 years","1999","01",48.9
"Female","25 - 74 years","1999","01",31.4
"Both","15 - 24 years","1999","02",40.1
"Both","15 - 74 years","1999","02",112.8
"Both","25 - 74 years","1999","02",72.7
"Male","15 - 24 years","1999","02",23
"Male","15 - 74 years","1999","02",65.1
"Male","25 - 74 years","1999","02",42.1
"Female","15 - 24 years","1999","02",17.1
"Female","15 - 74 years","1999","02",47.7
"Female","25 - 74 years","1999","02",30.6
"Both","15 - 24 years","1999","03",39.9
"Both","15 - 74 years","1999","03",112.3
"Both","25 - 74 years","1999","03",72.4
"Male","15 - 24 years","1999","03",22.8
"Male","15 - 74 years","1999","03",64.7
"Male","25 - 74 years","1999","03",41.8
"Female","15 - 24 years","1999","03",17
"Female","15 - 74 years","1999","03",47.6
"Female","25 - 74 years","1999","03",30.6
"Both","15 - 24 years","1999","04",39.4
"Both","15 - 74 years","1999","04",111.1
"Both","25 - 74 years","1999","04",71.7
"Male","15 - 24 years","1999","04",22.6
"Male","15 - 74 years","1999","04",64.3
"Male","25 - 74 years","1999","04",41.7
"Female","15 - 24 years","1999","04",16.8
"Female","15 - 74 years","1999","04",46.8
"Female","25 - 74 years","1999","04",30.1
"Both","15 - 24 years","1999","05",38.9
"Both","15 - 74 years","1999","05",110.7
"Both","25 - 74 years","1999","05",71.8
"Male","15 - 24 years","1999","05",22.1
"Male","15 - 74 years","1999","05",63.8
"Male","25 - 74 years","1999","05",41.6
"Female","15 - 24 years","1999","05",16.8
"Female","15 - 74 years","1999","05",47
"Female","25 - 74 years","1999","05",30.1
"Both","15 - 24 years","1999","06",37.6
"Both","15 - 74 years","1999","06",106.3
"Both","25 - 74 years","1999","06",68.8
"Male","15 - 24 years","1999","06",21.1
"Male","15 - 74 years","1999","06",61.1
"Male","25 - 74 years","1999","06",40
"Female","15 - 24 years","1999","06",16.4
"Female","15 - 74 years","1999","06",45.2
"Female","25 - 74 years","1999","06",28.8
"Both","15 - 24 years","1999","07",36.2
"Both","15 - 74 years","1999","07",102.2
"Both","25 - 74 years","1999","07",66
"Male","15 - 24 years","1999","07",20
"Male","15 - 74 years","1999","07",58.4
"Male","25 - 74 years","1999","07",38.4
"Female","15 - 24 years","1999","07",16.2
"Female","15 - 74 years","1999","07",43.8
"Female","25 - 74 years","1999","07",27.7
"Both","15 - 24 years","1999","08",35.3
"Both","15 - 74 years","1999","08",99
"Both","25 - 74 years","1999","08",63.7
"Male","15 - 24 years","1999","08",19.5
"Male","15 - 74 years","1999","08",55.9
"Male","25 - 74 years","1999","08",36.4
"Female","15 - 24 years","1999","08",15.8
"Female","15 - 74 years","1999","08",43.1
"Female","25 - 74 years","1999","08",27.3
"Both","15 - 24 years","1999","09",35.3
"Both","15 - 74 years","1999","09",99.7
"Both","25 - 74 years","1999","09",64.3
"Male","15 - 24 years","1999","09",19.6
"Male","15 - 74 years","1999","09",55.5
"Male","25 - 74 years","1999","09",35.9
"Female","15 - 24 years","1999","09",15.8
"Female","15 - 74 years","1999","09",44.2
"Female","25 - 74 years","1999","09",28.4
"Both","15 - 24 years","1999","10",34.6
"Both","15 - 74 years","1999","10",100.6
"Both","25 - 74 years","1999","10",66
"Male","15 - 24 years","1999","10",19.6
"Male","15 - 74 years","1999","10",55.3
"Male","25 - 74 years","1999","10",35.7
"Female","15 - 24 years","1999","10",15
"Female","15 - 74 years","1999","10",45.3
"Female","25 - 74 years","1999","10",30.3
"Both","15 - 24 years","1999","11",34
"Both","15 - 74 years","1999","11",98.5
"Both","25 - 74 years","1999","11",64.6
"Male","15 - 24 years","1999","11",19.3
"Male","15 - 74 years","1999","11",54.1
"Male","25 - 74 years","1999","11",34.9
"Female","15 - 24 years","1999","11",14.7
"Female","15 - 74 years","1999","11",44.4
"Female","25 - 74 years","1999","11",29.7
"Both","15 - 24 years","1999","12",33.1
"Both","15 - 74 years","1999","12",96.2
"Both","25 - 74 years","1999","12",63
"Male","15 - 24 years","1999","12",18.5
"Male","15 - 74 years","1999","12",53.1
"Male","25 - 74 years","1999","12",34.7
"Female","15 - 24 years","1999","12",14.6
"Female","15 - 74 years","1999","12",43
"Female","25 - 74 years","1999","12",28.4
"Both","15 - 24 years","2000","01",32.4
"Both","15 - 74 years","2000","01",92.2
"Both","25 - 74 years","2000","01",59.8
"Male","15 - 24 years","2000","01",17.6
"Male","15 - 74 years","2000","01",51.5
"Male","25 - 74 years","2000","01",33.9
"Female","15 - 24 years","2000","01",14.8
"Female","15 - 74 years","2000","01",40.7
"Female","25 - 74 years","2000","01",25.8
"Both","15 - 24 years","2000","02",31.6
"Both","15 - 74 years","2000","02",89.3
"Both","25 - 74 years","2000","02",57.7
"Male","15 - 24 years","2000","02",16.6
"Male","15 - 74 years","2000","02",49.9
"Male","25 - 74 years","2000","02",33.2
"Female","15 - 24 years","2000","02",15
"Female","15 - 74 years","2000","02",39.4
"Female","25 - 74 years","2000","02",24.5
"Both","15 - 24 years","2000","03",31.1
"Both","15 - 74 years","2000","03",87.4
"Both","25 - 74 years","2000","03",56.3
"Male","15 - 24 years","2000","03",16.5
"Male","15 - 74 years","2000","03",49
"Male","25 - 74 years","2000","03",32.4
"Female","15 - 24 years","2000","03",14.6
"Female","15 - 74 years","2000","03",38.5
"Female","25 - 74 years","2000","03",23.9
"Both","15 - 24 years","2000","04",31.4
"Both","15 - 74 years","2000","04",89.3
"Both","25 - 74 years","2000","04",57.9
"Male","15 - 24 years","2000","04",16.9
"Male","15 - 74 years","2000","04",48.9
"Male","25 - 74 years","2000","04",32
"Female","15 - 24 years","2000","04",14.5
"Female","15 - 74 years","2000","04",40.4
"Female","25 - 74 years","2000","04",25.9
"Both","15 - 24 years","2000","05",30.6
"Both","15 - 74 years","2000","05",87.6
"Both","25 - 74 years","2000","05",57
"Male","15 - 24 years","2000","05",16.9
"Male","15 - 74 years","2000","05",48.4
"Male","25 - 74 years","2000","05",31.5
"Female","15 - 24 years","2000","05",13.7
"Female","15 - 74 years","2000","05",39.2
"Female","25 - 74 years","2000","05",25.5
"Both","15 - 24 years","2000","06",30.3
"Both","15 - 74 years","2000","06",85.9
"Both","25 - 74 years","2000","06",55.7
"Male","15 - 24 years","2000","06",17
"Male","15 - 74 years","2000","06",47.6
"Male","25 - 74 years","2000","06",30.7
"Female","15 - 24 years","2000","06",13.3
"Female","15 - 74 years","2000","06",38.3
"Female","25 - 74 years","2000","06",25
"Both","15 - 24 years","2000","07",30
"Both","15 - 74 years","2000","07",83.4
"Both","25 - 74 years","2000","07",53.4
"Male","15 - 24 years","2000","07",17.1
"Male","15 - 74 years","2000","07",46.9
"Male","25 - 74 years","2000","07",29.8
"Female","15 - 24 years","2000","07",12.9
"Female","15 - 74 years","2000","07",36.5
"Female","25 - 74 years","2000","07",23.6
"Both","15 - 24 years","2000","08",29.5
"Both","15 - 74 years","2000","08",81.5
"Both","25 - 74 years","2000","08",52
"Male","15 - 24 years","2000","08",16.9
"Male","15 - 74 years","2000","08",46.4
"Male","25 - 74 years","2000","08",29.5
"Female","15 - 24 years","2000","08",12.6
"Female","15 - 74 years","2000","08",35.1
"Female","25 - 74 years","2000","08",22.5
"Both","15 - 24 years","2000","09",28.3
"Both","15 - 74 years","2000","09",78.1
"Both","25 - 74 years","2000","09",49.8
"Male","15 - 24 years","2000","09",16
"Male","15 - 74 years","2000","09",44.7
"Male","25 - 74 years","2000","09",28.7
"Female","15 - 24 years","2000","09",12.3
"Female","15 - 74 years","2000","09",33.4
"Female","25 - 74 years","2000","09",21.1
"Both","15 - 24 years","2000","10",27.3
"Both","15 - 74 years","2000","10",75.2
"Both","25 - 74 years","2000","10",47.9
"Male","15 - 24 years","2000","10",15
"Male","15 - 74 years","2000","10",43.2
"Male","25 - 74 years","2000","10",28.2
"Female","15 - 24 years","2000","10",12.2
"Female","15 - 74 years","2000","10",32
"Female","25 - 74 years","2000","10",19.7
"Both","15 - 24 years","2000","11",26.7
"Both","15 - 74 years","2000","11",73.6
"Both","25 - 74 years","2000","11",47
"Male","15 - 24 years","2000","11",14.6
"Male","15 - 74 years","2000","11",42
"Male","25 - 74 years","2000","11",27.4
"Female","15 - 24 years","2000","11",12.1
"Female","15 - 74 years","2000","11",31.6
"Female","25 - 74 years","2000","11",19.6
"Both","15 - 24 years","2000","12",26.6
"Both","15 - 74 years","2000","12",73.8
"Both","25 - 74 years","2000","12",47.2
"Male","15 - 24 years","2000","12",14.9
"Male","15 - 74 years","2000","12",42
"Male","25 - 74 years","2000","12",27.1
"Female","15 - 24 years","2000","12",11.6
"Female","15 - 74 years","2000","12",31.8
"Female","25 - 74 years","2000","12",20.1
"Both","15 - 24 years","2001","01",26.8
"Both","15 - 74 years","2001","01",74.3
"Both","25 - 74 years","2001","01",47.6
"Male","15 - 24 years","2001","01",15.6
"Male","15 - 74 years","2001","01",41.8
"Male","25 - 74 years","2001","01",26.2
"Female","15 - 24 years","2001","01",11.2
"Female","15 - 74 years","2001","01",32.5
"Female","25 - 74 years","2001","01",21.4
"Both","15 - 24 years","2001","02",27
"Both","15 - 74 years","2001","02",74.1
"Both","25 - 74 years","2001","02",47.1
"Male","15 - 24 years","2001","02",15.9
"Male","15 - 74 years","2001","02",41.4
"Male","25 - 74 years","2001","02",25.5
"Female","15 - 24 years","2001","02",11.1
"Female","15 - 74 years","2001","02",32.7
"Female","25 - 74 years","2001","02",21.6
"Both","15 - 24 years","2001","03",27.3
"Both","15 - 74 years","2001","03",73.7
"Both","25 - 74 years","2001","03",46.3
"Male","15 - 24 years","2001","03",16.2
"Male","15 - 74 years","2001","03",41.6
"Male","25 - 74 years","2001","03",25.4
"Female","15 - 24 years","2001","03",11.1
"Female","15 - 74 years","2001","03",32
"Female","25 - 74 years","2001","03",20.9
"Both","15 - 24 years","2001","04",28.1
"Both","15 - 74 years","2001","04",73.8
"Both","25 - 74 years","2001","04",45.7
"Male","15 - 24 years","2001","04",16.3
"Male","15 - 74 years","2001","04",41.6
"Male","25 - 74 years","2001","04",25.3
"Female","15 - 24 years","2001","04",11.8
"Female","15 - 74 years","2001","04",32.2
"Female","25 - 74 years","2001","04",20.4
"Both","15 - 24 years","2001","05",28.8
"Both","15 - 74 years","2001","05",74.9
"Both","25 - 74 years","2001","05",46.1
"Male","15 - 24 years","2001","05",16.7
"Male","15 - 74 years","2001","05",42.4
"Male","25 - 74 years","2001","05",25.7
"Female","15 - 24 years","2001","05",12.1
"Female","15 - 74 years","2001","05",32.5
"Female","25 - 74 years","2001","05",20.4
"Both","15 - 24 years","2001","06",30
"Both","15 - 74 years","2001","06",77.6
"Both","25 - 74 years","2001","06",47.6
"Male","15 - 24 years","2001","06",17.4
"Male","15 - 74 years","2001","06",43.7
"Male","25 - 74 years","2001","06",26.3
"Female","15 - 24 years","2001","06",12.7
"Female","15 - 74 years","2001","06",34
"Female","25 - 74 years","2001","06",21.3
"Both","15 - 24 years","2001","07",31.7
"Both","15 - 74 years","2001","07",81.9
"Both","25 - 74 years","2001","07",50.3
"Male","15 - 24 years","2001","07",18.6
"Male","15 - 74 years","2001","07",45.9
"Male","25 - 74 years","2001","07",27.2
"Female","15 - 24 years","2001","07",13
"Female","15 - 74 years","2001","07",36.1
"Female","25 - 74 years","2001","07",23
"Both","15 - 24 years","2001","08",32.5
"Both","15 - 74 years","2001","08",84.6
"Both","25 - 74 years","2001","08",52.1
"Male","15 - 24 years","2001","08",19.5
"Male","15 - 74 years","2001","08",48
"Male","25 - 74 years","2001","08",28.5
"Female","15 - 24 years","2001","08",13
"Female","15 - 74 years","2001","08",36.6
"Female","25 - 74 years","2001","08",23.6
"Both","15 - 24 years","2001","09",32.8
"Both","15 - 74 years","2001","09",85
"Both","25 - 74 years","2001","09",52.2
"Male","15 - 24 years","2001","09",19.8
"Male","15 - 74 years","2001","09",49
"Male","25 - 74 years","2001","09",29.2
"Female","15 - 24 years","2001","09",13
"Female","15 - 74 years","2001","09",36.1
"Female","25 - 74 years","2001","09",23
"Both","15 - 24 years","2001","10",33
"Both","15 - 74 years","2001","10",84.4
"Both","25 - 74 years","2001","10",51.3
"Male","15 - 24 years","2001","10",20.2
"Male","15 - 74 years","2001","10",49.9
"Male","25 - 74 years","2001","10",29.7
"Female","15 - 24 years","2001","10",12.9
"Female","15 - 74 years","2001","10",34.4
"Female","25 - 74 years","2001","10",21.6
"Both","15 - 24 years","2001","11",33.8
"Both","15 - 74 years","2001","11",85.3
"Both","25 - 74 years","2001","11",51.4
"Male","15 - 24 years","2001","11",20.8
"Male","15 - 74 years","2001","11",51.1
"Male","25 - 74 years","2001","11",30.3
"Female","15 - 24 years","2001","11",13
"Female","15 - 74 years","2001","11",34.2
"Female","25 - 74 years","2001","11",21.1
"Both","15 - 24 years","2001","12",33.1
"Both","15 - 74 years","2001","12",83.8
"Both","25 - 74 years","2001","12",50.7
"Male","15 - 24 years","2001","12",20.3
"Male","15 - 74 years","2001","12",50.6
"Male","25 - 74 years","2001","12",30.3
"Female","15 - 24 years","2001","12",12.8
"Female","15 - 74 years","2001","12",33.2
"Female","25 - 74 years","2001","12",20.4
"Both","15 - 24 years","2002","01",33.3
"Both","15 - 74 years","2002","01",85.3
"Both","25 - 74 years","2002","01",52
"Male","15 - 24 years","2002","01",20.3
"Male","15 - 74 years","2002","01",50.9
"Male","25 - 74 years","2002","01",30.7
"Female","15 - 24 years","2002","01",13
"Female","15 - 74 years","2002","01",34.4
"Female","25 - 74 years","2002","01",21.4
"Both","15 - 24 years","2002","02",34.3
"Both","15 - 74 years","2002","02",87.4
"Both","25 - 74 years","2002","02",53.1
"Male","15 - 24 years","2002","02",20.7
"Male","15 - 74 years","2002","02",51.9
"Male","25 - 74 years","2002","02",31.2
"Female","15 - 24 years","2002","02",13.6
"Female","15 - 74 years","2002","02",35.4
"Female","25 - 74 years","2002","02",21.8
"Both","15 - 24 years","2002","03",34.9
"Both","15 - 74 years","2002","03",89.6
"Both","25 - 74 years","2002","03",54.6
"Male","15 - 24 years","2002","03",21.2
"Male","15 - 74 years","2002","03",52.8
"Male","25 - 74 years","2002","03",31.6
"Female","15 - 24 years","2002","03",13.8
"Female","15 - 74 years","2002","03",36.8
"Female","25 - 74 years","2002","03",23
"Both","15 - 24 years","2002","04",35.2
"Both","15 - 74 years","2002","04",89.3
"Both","25 - 74 years","2002","04",54.2
"Male","15 - 24 years","2002","04",21.5
"Male","15 - 74 years","2002","04",52.9
"Male","25 - 74 years","2002","04",31.3
"Female","15 - 24 years","2002","04",13.6
"Female","15 - 74 years","2002","04",36.4
"Female","25 - 74 years","2002","04",22.8
"Both","15 - 24 years","2002","05",35
"Both","15 - 74 years","2002","05",90
"Both","25 - 74 years","2002","05",55
"Male","15 - 24 years","2002","05",21.4
"Male","15 - 74 years","2002","05",53
"Male","25 - 74 years","2002","05",31.6
"Female","15 - 24 years","2002","05",13.6
"Female","15 - 74 years","2002","05",37
"Female","25 - 74 years","2002","05",23.4
"Both","15 - 24 years","2002","06",33.7
"Both","15 - 74 years","2002","06",88.6
"Both","25 - 74 years","2002","06",54.9
"Male","15 - 24 years","2002","06",20.7
"Male","15 - 74 years","2002","06",52.1
"Male","25 - 74 years","2002","06",31.5
"Female","15 - 24 years","2002","06",13.1
"Female","15 - 74 years","2002","06",36.5
"Female","25 - 74 years","2002","06",23.4
"Both","15 - 24 years","2002","07",32.3
"Both","15 - 74 years","2002","07",85.3
"Both","25 - 74 years","2002","07",53
"Male","15 - 24 years","2002","07",19.9
"Male","15 - 74 years","2002","07",50.5
"Male","25 - 74 years","2002","07",30.6
"Female","15 - 24 years","2002","07",12.4
"Female","15 - 74 years","2002","07",34.8
"Female","25 - 74 years","2002","07",22.4
"Both","15 - 24 years","2002","08",31.7
"Both","15 - 74 years","2002","08",85.7
"Both","25 - 74 years","2002","08",54
"Male","15 - 24 years","2002","08",19.6
"Male","15 - 74 years","2002","08",50.9
"Male","25 - 74 years","2002","08",31.3
"Female","15 - 24 years","2002","08",12
"Female","15 - 74 years","2002","08",34.8
"Female","25 - 74 years","2002","08",22.7
"Both","15 - 24 years","2002","09",34
"Both","15 - 74 years","2002","09",91.3
"Both","25 - 74 years","2002","09",57.3
"Male","15 - 24 years","2002","09",20.6
"Male","15 - 74 years","2002","09",53.5
"Male","25 - 74 years","2002","09",32.9
"Female","15 - 24 years","2002","09",13.4
"Female","15 - 74 years","2002","09",37.8
"Female","25 - 74 years","2002","09",24.4
"Both","15 - 24 years","2002","10",37.6
"Both","15 - 74 years","2002","10",99.8
"Both","25 - 74 years","2002","10",62.2
"Male","15 - 24 years","2002","10",22.4
"Male","15 - 74 years","2002","10",57.7
"Male","25 - 74 years","2002","10",35.3
"Female","15 - 24 years","2002","10",15.2
"Female","15 - 74 years","2002","10",42.1
"Female","25 - 74 years","2002","10",26.9
"Both","15 - 24 years","2002","11",40
"Both","15 - 74 years","2002","11",104.6
"Both","25 - 74 years","2002","11",64.6
"Male","15 - 24 years","2002","11",23.6
"Male","15 - 74 years","2002","11",60
"Male","25 - 74 years","2002","11",36.4
"Female","15 - 24 years","2002","11",16.4
"Female","15 - 74 years","2002","11",44.6
"Female","25 - 74 years","2002","11",28.2
"Both","15 - 24 years","2002","12",40.2
"Both","15 - 74 years","2002","12",104.7
"Both","25 - 74 years","2002","12",64.5
"Male","15 - 24 years","2002","12",23.8
"Male","15 - 74 years","2002","12",60.5
"Male","25 - 74 years","2002","12",36.7
"Female","15 - 24 years","2002","12",16.5
"Female","15 - 74 years","2002","12",44.2
"Female","25 - 74 years","2002","12",27.8
"Both","15 - 24 years","2003","01",37.9
"Both","15 - 74 years","2003","01",98.6
"Both","25 - 74 years","2003","01",60.7
"Male","15 - 24 years","2003","01",23.2
"Male","15 - 74 years","2003","01",58.4
"Male","25 - 74 years","2003","01",35.2
"Female","15 - 24 years","2003","01",14.7
"Female","15 - 74 years","2003","01",40.1
"Female","25 - 74 years","2003","01",25.5
"Both","15 - 24 years","2003","02",36.4
"Both","15 - 74 years","2003","02",94.5
"Both","25 - 74 years","2003","02",58.1
"Male","15 - 24 years","2003","02",22.4
"Male","15 - 74 years","2003","02",56.3
"Male","25 - 74 years","2003","02",34
"Female","15 - 24 years","2003","02",14
"Female","15 - 74 years","2003","02",38.2
"Female","25 - 74 years","2003","02",24.2
"Both","15 - 24 years","2003","03",35.3
"Both","15 - 74 years","2003","03",91.9
"Both","25 - 74 years","2003","03",56.6
"Male","15 - 24 years","2003","03",21.9
"Male","15 - 74 years","2003","03",55.2
"Male","25 - 74 years","2003","03",33.4
"Female","15 - 24 years","2003","03",13.4
"Female","15 - 74 years","2003","03",36.6
"Female","25 - 74 years","2003","03",23.2
"Both","15 - 24 years","2003","04",35.2
"Both","15 - 74 years","2003","04",93.1
"Both","25 - 74 years","2003","04",57.8
"Male","15 - 24 years","2003","04",21.6
"Male","15 - 74 years","2003","04",55.1
"Male","25 - 74 years","2003","04",33.4
"Female","15 - 24 years","2003","04",13.6
"Female","15 - 74 years","2003","04",38
"Female","25 - 74 years","2003","04",24.4
"Both","15 - 24 years","2003","05",35.4
"Both","15 - 74 years","2003","05",93.1
"Both","25 - 74 years","2003","05",57.6
"Male","15 - 24 years","2003","05",21.6
"Male","15 - 74 years","2003","05",55.1
"Male","25 - 74 years","2003","05",33.6
"Female","15 - 24 years","2003","05",13.8
"Female","15 - 74 years","2003","05",37.9
"Female","25 - 74 years","2003","05",24.1
"Both","15 - 24 years","2003","06",36.2
"Both","15 - 74 years","2003","06",95.9
"Both","25 - 74 years","2003","06",59.7
"Male","15 - 24 years","2003","06",21.7
"Male","15 - 74 years","2003","06",56.3
"Male","25 - 74 years","2003","06",34.6
"Female","15 - 24 years","2003","06",14.5
"Female","15 - 74 years","2003","06",39.7
"Female","25 - 74 years","2003","06",25.1
"Both","15 - 24 years","2003","07",37.1
"Both","15 - 74 years","2003","07",99.1
"Both","25 - 74 years","2003","07",61.9
"Male","15 - 24 years","2003","07",22.4
"Male","15 - 74 years","2003","07",58.2
"Male","25 - 74 years","2003","07",35.8
"Female","15 - 24 years","2003","07",14.8
"Female","15 - 74 years","2003","07",40.9
"Female","25 - 74 years","2003","07",26.1
"Both","15 - 24 years","2003","08",36.9
"Both","15 - 74 years","2003","08",99.8
"Both","25 - 74 years","2003","08",62.9
"Male","15 - 24 years","2003","08",22.3
"Male","15 - 74 years","2003","08",58.8
"Male","25 - 74 years","2003","08",36.4
"Female","15 - 24 years","2003","08",14.6
"Female","15 - 74 years","2003","08",41.1
"Female","25 - 74 years","2003","08",26.5
"Both","15 - 24 years","2003","09",37.1
"Both","15 - 74 years","2003","09",98.8
"Both","25 - 74 years","2003","09",61.7
"Male","15 - 24 years","2003","09",22.1
"Male","15 - 74 years","2003","09",57.9
"Male","25 - 74 years","2003","09",35.8
"Female","15 - 24 years","2003","09",14.9
"Female","15 - 74 years","2003","09",40.8
"Female","25 - 74 years","2003","09",25.9
"Both","15 - 24 years","2003","10",35.5
"Both","15 - 74 years","2003","10",94.6
"Both","25 - 74 years","2003","10",59.1
"Male","15 - 24 years","2003","10",21.4
"Male","15 - 74 years","2003","10",55.9
"Male","25 - 74 years","2003","10",34.5
"Female","15 - 24 years","2003","10",14.1
"Female","15 - 74 years","2003","10",38.7
"Female","25 - 74 years","2003","10",24.6
"Both","15 - 24 years","2003","11",35.5
"Both","15 - 74 years","2003","11",93.7
"Both","25 - 74 years","2003","11",58.2
"Male","15 - 24 years","2003","11",21.1
"Male","15 - 74 years","2003","11",55.2
"Male","25 - 74 years","2003","11",34.1
"Female","15 - 24 years","2003","11",14.4
"Female","15 - 74 years","2003","11",38.5
"Female","25 - 74 years","2003","11",24.2
"Both","15 - 24 years","2003","12",36.2
"Both","15 - 74 years","2003","12",96.6
"Both","25 - 74 years","2003","12",60.4
"Male","15 - 24 years","2003","12",21.1
"Male","15 - 74 years","2003","12",56.5
"Male","25 - 74 years","2003","12",35.4
"Female","15 - 24 years","2003","12",15.1
"Female","15 - 74 years","2003","12",40.1
"Female","25 - 74 years","2003","12",25.1
"Both","15 - 24 years","2004","01",37.7
"Both","15 - 74 years","2004","01",102.8
"Both","25 - 74 years","2004","01",65.1
"Male","15 - 24 years","2004","01",21.9
"Male","15 - 74 years","2004","01",59.7
"Male","25 - 74 years","2004","01",37.8
"Female","15 - 24 years","2004","01",15.8
"Female","15 - 74 years","2004","01",43.1
"Female","25 - 74 years","2004","01",27.3
"Both","15 - 24 years","2004","02",38.4
"Both","15 - 74 years","2004","02",104.6
"Both","25 - 74 years","2004","02",66.3
"Male","15 - 24 years","2004","02",21.8
"Male","15 - 74 years","2004","02",60.5
"Male","25 - 74 years","2004","02",38.7
"Female","15 - 24 years","2004","02",16.6
"Female","15 - 74 years","2004","02",44.1
"Female","25 - 74 years","2004","02",27.6
"Both","15 - 24 years","2004","03",37.5
"Both","15 - 74 years","2004","03",103.2
"Both","25 - 74 years","2004","03",65.7
"Male","15 - 24 years","2004","03",21.8
"Male","15 - 74 years","2004","03",60.7
"Male","25 - 74 years","2004","03",38.9
"Female","15 - 24 years","2004","03",15.7
"Female","15 - 74 years","2004","03",42.5
"Female","25 - 74 years","2004","03",26.7
"Both","15 - 24 years","2004","04",34.8
"Both","15 - 74 years","2004","04",96.9
"Both","25 - 74 years","2004","04",62.2
"Male","15 - 24 years","2004","04",20.6
"Male","15 - 74 years","2004","04",58.4
"Male","25 - 74 years","2004","04",37.8
"Female","15 - 24 years","2004","04",14.1
"Female","15 - 74 years","2004","04",38.5
"Female","25 - 74 years","2004","04",24.4
"Both","15 - 24 years","2004","05",34.3
"Both","15 - 74 years","2004","05",94.1
"Both","25 - 74 years","2004","05",59.8
"Male","15 - 24 years","2004","05",20.3
"Male","15 - 74 years","2004","05",57.1
"Male","25 - 74 years","2004","05",36.9
"Female","15 - 24 years","2004","05",14.1
"Female","15 - 74 years","2004","05",36.9
"Female","25 - 74 years","2004","05",22.9
"Both","15 - 24 years","2004","06",35.1
"Both","15 - 74 years","2004","06",91.5
"Both","25 - 74 years","2004","06",56.4
"Male","15 - 24 years","2004","06",20.8
"Male","15 - 74 years","2004","06",56.2
"Male","25 - 74 years","2004","06",35.4
"Female","15 - 24 years","2004","06",14.3
"Female","15 - 74 years","2004","06",35.3
"Female","25 - 74 years","2004","06",21
"Both","15 - 24 years","2004","07",35.6
"Both","15 - 74 years","2004","07",90.4
"Both","25 - 74 years","2004","07",54.8
"Male","15 - 24 years","2004","07",19.9
"Male","15 - 74 years","2004","07",54.2
"Male","25 - 74 years","2004","07",34.3
"Female","15 - 24 years","2004","07",15.6
"Female","15 - 74 years","2004","07",36.1
"Female","25 - 74 years","2004","07",20.5
"Both","15 - 24 years","2004","08",36.2
"Both","15 - 74 years","2004","08",90.8
"Both","25 - 74 years","2004","08",54.6
"Male","15 - 24 years","2004","08",20.3
"Male","15 - 74 years","2004","08",54.1
"Male","25 - 74 years","2004","08",33.8
"Female","15 - 24 years","2004","08",15.9
"Female","15 - 74 years","2004","08",36.7
"Female","25 - 74 years","2004","08",20.8
"Both","15 - 24 years","2004","09",37.7
"Both","15 - 74 years","2004","09",94.3
"Both","25 - 74 years","2004","09",56.7
"Male","15 - 24 years","2004","09",21.1
"Male","15 - 74 years","2004","09",55.5
"Male","25 - 74 years","2004","09",34.4
"Female","15 - 24 years","2004","09",16.6
"Female","15 - 74 years","2004","09",38.8
"Female","25 - 74 years","2004","09",22.2
"Both","15 - 24 years","2004","10",37
"Both","15 - 74 years","2004","10",97.3
"Both","25 - 74 years","2004","10",60.4
"Male","15 - 24 years","2004","10",21.8
"Male","15 - 74 years","2004","10",57.3
"Male","25 - 74 years","2004","10",35.6
"Female","15 - 24 years","2004","10",15.2
"Female","15 - 74 years","2004","10",40
"Female","25 - 74 years","2004","10",24.8
"Both","15 - 24 years","2004","11",36.5
"Both","15 - 74 years","2004","11",97.3
"Both","25 - 74 years","2004","11",60.8
"Male","15 - 24 years","2004","11",21.8
"Male","15 - 74 years","2004","11",57.2
"Male","25 - 74 years","2004","11",35.4
"Female","15 - 24 years","2004","11",14.7
"Female","15 - 74 years","2004","11",40.1
"Female","25 - 74 years","2004","11",25.4
"Both","15 - 24 years","2004","12",36
"Both","15 - 74 years","2004","12",97
"Both","25 - 74 years","2004","12",61
"Male","15 - 24 years","2004","12",21.3
"Male","15 - 74 years","2004","12",56.3
"Male","25 - 74 years","2004","12",35
"Female","15 - 24 years","2004","12",14.7
"Female","15 - 74 years","2004","12",40.6
"Female","25 - 74 years","2004","12",25.9
"Both","15 - 24 years","2005","01",34.2
"Both","15 - 74 years","2005","01",92
"Both","25 - 74 years","2005","01",57.8
"Male","15 - 24 years","2005","01",19.7
"Male","15 - 74 years","2005","01",52.9
"Male","25 - 74 years","2005","01",33.2
"Female","15 - 24 years","2005","01",14.5
"Female","15 - 74 years","2005","01",39.1
"Female","25 - 74 years","2005","01",24.6
"Both","15 - 24 years","2005","02",33.7
"Both","15 - 74 years","2005","02",90.4
"Both","25 - 74 years","2005","02",56.7
"Male","15 - 24 years","2005","02",18.9
"Male","15 - 74 years","2005","02",51.2
"Male","25 - 74 years","2005","02",32.3
"Female","15 - 24 years","2005","02",14.7
"Female","15 - 74 years","2005","02",39.1
"Female","25 - 74 years","2005","02",24.4
"Both","15 - 24 years","2005","03",34.9
"Both","15 - 74 years","2005","03",95.2
"Both","25 - 74 years","2005","03",60.3
"Male","15 - 24 years","2005","03",20.2
"Male","15 - 74 years","2005","03",54.1
"Male","25 - 74 years","2005","03",34
"Female","15 - 24 years","2005","03",14.7
"Female","15 - 74 years","2005","03",41.1
"Female","25 - 74 years","2005","03",26.4
"Both","15 - 24 years","2005","04",36.2
"Both","15 - 74 years","2005","04",100.5
"Both","25 - 74 years","2005","04",64.3
"Male","15 - 24 years","2005","04",21.8
"Male","15 - 74 years","2005","04",58.3
"Male","25 - 74 years","2005","04",36.5
"Female","15 - 24 years","2005","04",14.4
"Female","15 - 74 years","2005","04",42.2
"Female","25 - 74 years","2005","04",27.8
"Both","15 - 24 years","2005","05",37.3
"Both","15 - 74 years","2005","05",104.6
"Both","25 - 74 years","2005","05",67.3
"Male","15 - 24 years","2005","05",22.7
"Male","15 - 74 years","2005","05",60.8
"Male","25 - 74 years","2005","05",38.1
"Female","15 - 24 years","2005","05",14.6
"Female","15 - 74 years","2005","05",43.8
"Female","25 - 74 years","2005","05",29.2
"Both","15 - 24 years","2005","06",37.5
"Both","15 - 74 years","2005","06",104.2
"Both","25 - 74 years","2005","06",66.6
"Male","15 - 24 years","2005","06",22.8
"Male","15 - 74 years","2005","06",60.5
"Male","25 - 74 years","2005","06",37.7
"Female","15 - 24 years","2005","06",14.8
"Female","15 - 74 years","2005","06",43.7
"Female","25 - 74 years","2005","06",28.9
"Both","15 - 24 years","2005","07",37.5
"Both","15 - 74 years","2005","07",102.4
"Both","25 - 74 years","2005","07",64.9
"Male","15 - 24 years","2005","07",22.5
"Male","15 - 74 years","2005","07",59
"Male","25 - 74 years","2005","07",36.5
"Female","15 - 24 years","2005","07",15
"Female","15 - 74 years","2005","07",43.4
"Female","25 - 74 years","2005","07",28.4
"Both","15 - 24 years","2005","08",37.6
"Both","15 - 74 years","2005","08",101.2
"Both","25 - 74 years","2005","08",63.7
"Male","15 - 24 years","2005","08",22.4
"Male","15 - 74 years","2005","08",58
"Male","25 - 74 years","2005","08",35.6
"Female","15 - 24 years","2005","08",15.2
"Female","15 - 74 years","2005","08",43.2
"Female","25 - 74 years","2005","08",28.1
"Both","15 - 24 years","2005","09",37
"Both","15 - 74 years","2005","09",99
"Both","25 - 74 years","2005","09",62
"Male","15 - 24 years","2005","09",21.9
"Male","15 - 74 years","2005","09",56.8
"Male","25 - 74 years","2005","09",34.9
"Female","15 - 24 years","2005","09",15.1
"Female","15 - 74 years","2005","09",42.2
"Female","25 - 74 years","2005","09",27.1
"Both","15 - 24 years","2005","10",36.2
"Both","15 - 74 years","2005","10",98
"Both","25 - 74 years","2005","10",61.7
"Male","15 - 24 years","2005","10",21.7
"Male","15 - 74 years","2005","10",56.2
"Male","25 - 74 years","2005","10",34.5
"Female","15 - 24 years","2005","10",14.5
"Female","15 - 74 years","2005","10",41.8
"Female","25 - 74 years","2005","10",27.2
"Both","15 - 24 years","2005","11",36.2
"Both","15 - 74 years","2005","11",98.7
"Both","25 - 74 years","2005","11",62.5
"Male","15 - 24 years","2005","11",21.5
"Male","15 - 74 years","2005","11",55.9
"Male","25 - 74 years","2005","11",34.4
"Female","15 - 24 years","2005","11",14.7
"Female","15 - 74 years","2005","11",42.8
"Female","25 - 74 years","2005","11",28.1
"Both","15 - 24 years","2005","12",36.7
"Both","15 - 74 years","2005","12",100
"Both","25 - 74 years","2005","12",63.3
"Male","15 - 24 years","2005","12",22
"Male","15 - 74 years","2005","12",56.4
"Male","25 - 74 years","2005","12",34.4
"Female","15 - 24 years","2005","12",14.7
"Female","15 - 74 years","2005","12",43.6
"Female","25 - 74 years","2005","12",28.9
"Both","15 - 24 years","2006","01",38
"Both","15 - 74 years","2006","01",102.9
"Both","25 - 74 years","2006","01",64.9
"Male","15 - 24 years","2006","01",22.7
"Male","15 - 74 years","2006","01",58
"Male","25 - 74 years","2006","01",35.2
"Female","15 - 24 years","2006","01",15.3
"Female","15 - 74 years","2006","01",45
"Female","25 - 74 years","2006","01",29.7
"Both","15 - 24 years","2006","02",38.6
"Both","15 - 74 years","2006","02",103.1
"Both","25 - 74 years","2006","02",64.4
"Male","15 - 24 years","2006","02",22.7
"Male","15 - 74 years","2006","02",57.6
"Male","25 - 74 years","2006","02",34.9
"Female","15 - 24 years","2006","02",15.9
"Female","15 - 74 years","2006","02",45.5
"Female","25 - 74 years","2006","02",29.6
"Both","15 - 24 years","2006","03",38.9
"Both","15 - 74 years","2006","03",103.1
"Both","25 - 74 years","2006","03",64.2
"Male","15 - 24 years","2006","03",22.5
"Male","15 - 74 years","2006","03",57.4
"Male","25 - 74 years","2006","03",34.9
"Female","15 - 24 years","2006","03",16.4
"Female","15 - 74 years","2006","03",45.8
"Female","25 - 74 years","2006","03",29.3
"Both","15 - 24 years","2006","04",38.9
"Both","15 - 74 years","2006","04",103.3
"Both","25 - 74 years","2006","04",64.3
"Male","15 - 24 years","2006","04",21.9
"Male","15 - 74 years","2006","04",57
"Male","25 - 74 years","2006","04",35
"Female","15 - 24 years","2006","04",17
"Female","15 - 74 years","2006","04",46.3
"Female","25 - 74 years","2006","04",29.3
"Both","15 - 24 years","2006","05",38.9
"Both","15 - 74 years","2006","05",104
"Both","25 - 74 years","2006","05",65.1
"Male","15 - 24 years","2006","05",22.1
"Male","15 - 74 years","2006","05",58
"Male","25 - 74 years","2006","05",35.8
"Female","15 - 24 years","2006","05",16.7
"Female","15 - 74 years","2006","05",46
"Female","25 - 74 years","2006","05",29.3
"Both","15 - 24 years","2006","06",39.3
"Both","15 - 74 years","2006","06",106.9
"Both","25 - 74 years","2006","06",67.7
"Male","15 - 24 years","2006","06",22.5
"Male","15 - 74 years","2006","06",59.3
"Male","25 - 74 years","2006","06",36.8
"Female","15 - 24 years","2006","06",16.7
"Female","15 - 74 years","2006","06",47.6
"Female","25 - 74 years","2006","06",30.9
"Both","15 - 24 years","2006","07",39.6
"Both","15 - 74 years","2006","07",110.5
"Both","25 - 74 years","2006","07",70.9
"Male","15 - 24 years","2006","07",23.7
"Male","15 - 74 years","2006","07",62.3
"Male","25 - 74 years","2006","07",38.6
"Female","15 - 24 years","2006","07",15.9
"Female","15 - 74 years","2006","07",48.2
"Female","25 - 74 years","2006","07",32.4
"Both","15 - 24 years","2006","08",39.8
"Both","15 - 74 years","2006","08",113.4
"Both","25 - 74 years","2006","08",73.6
"Male","15 - 24 years","2006","08",24.4
"Male","15 - 74 years","2006","08",64.3
"Male","25 - 74 years","2006","08",39.9
"Female","15 - 24 years","2006","08",15.4
"Female","15 - 74 years","2006","08",49.1
"Female","25 - 74 years","2006","08",33.7
"Both","15 - 24 years","2006","09",38.5
"Both","15 - 74 years","2006","09",110.2
"Both","25 - 74 years","2006","09",71.8
"Male","15 - 24 years","2006","09",23.2
"Male","15 - 74 years","2006","09",63.4
"Male","25 - 74 years","2006","09",40.2
"Female","15 - 24 years","2006","09",15.3
"Female","15 - 74 years","2006","09",46.8
"Female","25 - 74 years","2006","09",31.5
"Both","15 - 24 years","2006","10",36.3
"Both","15 - 74 years","2006","10",105.9
"Both","25 - 74 years","2006","10",69.6
"Male","15 - 24 years","2006","10",21
"Male","15 - 74 years","2006","10",60.9
"Male","25 - 74 years","2006","10",39.9
"Female","15 - 24 years","2006","10",15.3
"Female","15 - 74 years","2006","10",45
"Female","25 - 74 years","2006","10",29.7
"Both","15 - 24 years","2006","11",35.3
"Both","15 - 74 years","2006","11",104.5
"Both","25 - 74 years","2006","11",69.2
"Male","15 - 24 years","2006","11",20
"Male","15 - 74 years","2006","11",59.8
"Male","25 - 74 years","2006","11",39.8
"Female","15 - 24 years","2006","11",15.3
"Female","15 - 74 years","2006","11",44.7
"Female","25 - 74 years","2006","11",29.4
"Both","15 - 24 years","2006","12",36.9
"Both","15 - 74 years","2006","12",107
"Both","25 - 74 years","2006","12",70
"Male","15 - 24 years","2006","12",21.5
"Male","15 - 74 years","2006","12",61.3
"Male","25 - 74 years","2006","12",39.8
"Female","15 - 24 years","2006","12",15.4
"Female","15 - 74 years","2006","12",45.7
"Female","25 - 74 years","2006","12",30.3
"Both","15 - 24 years","2007","01",39.7
"Both","15 - 74 years","2007","01",110.7
"Both","25 - 74 years","2007","01",70.9
"Male","15 - 24 years","2007","01",24.1
"Male","15 - 74 years","2007","01",63.2
"Male","25 - 74 years","2007","01",39.1
"Female","15 - 24 years","2007","01",15.7
"Female","15 - 74 years","2007","01",47.5
"Female","25 - 74 years","2007","01",31.8
"Both","15 - 24 years","2007","02",41
"Both","15 - 74 years","2007","02",113
"Both","25 - 74 years","2007","02",72
"Male","15 - 24 years","2007","02",25.2
"Male","15 - 74 years","2007","02",64.7
"Male","25 - 74 years","2007","02",39.5
"Female","15 - 24 years","2007","02",15.8
"Female","15 - 74 years","2007","02",48.3
"Female","25 - 74 years","2007","02",32.5
"Both","15 - 24 years","2007","03",42.5
"Both","15 - 74 years","2007","03",114.4
"Both","25 - 74 years","2007","03",71.8
"Male","15 - 24 years","2007","03",25.9
"Male","15 - 74 years","2007","03",64.9
"Male","25 - 74 years","2007","03",39
"Female","15 - 24 years","2007","03",16.6
"Female","15 - 74 years","2007","03",49.5
"Female","25 - 74 years","2007","03",32.8
"Both","15 - 24 years","2007","04",43.8
"Both","15 - 74 years","2007","04",115.7
"Both","25 - 74 years","2007","04",71.9
"Male","15 - 24 years","2007","04",25.9
"Male","15 - 74 years","2007","04",64.3
"Male","25 - 74 years","2007","04",38.3
"Female","15 - 24 years","2007","04",17.8
"Female","15 - 74 years","2007","04",51.4
"Female","25 - 74 years","2007","04",33.6
"Both","15 - 24 years","2007","05",43.1
"Both","15 - 74 years","2007","05",115.2
"Both","25 - 74 years","2007","05",72.1
"Male","15 - 24 years","2007","05",25.5
"Male","15 - 74 years","2007","05",63.6
"Male","25 - 74 years","2007","05",38.1
"Female","15 - 24 years","2007","05",17.6
"Female","15 - 74 years","2007","05",51.6
"Female","25 - 74 years","2007","05",34
"Both","15 - 24 years","2007","06",42.9
"Both","15 - 74 years","2007","06",115.7
"Both","25 - 74 years","2007","06",72.8
"Male","15 - 24 years","2007","06",25.4
"Male","15 - 74 years","2007","06",63.7
"Male","25 - 74 years","2007","06",38.3
"Female","15 - 24 years","2007","06",17.5
"Female","15 - 74 years","2007","06",52
"Female","25 - 74 years","2007","06",34.5
"Both","15 - 24 years","2007","07",41.2
"Both","15 - 74 years","2007","07",113.6
"Both","25 - 74 years","2007","07",72.4
"Male","15 - 24 years","2007","07",25.2
"Male","15 - 74 years","2007","07",64
"Male","25 - 74 years","2007","07",38.9
"Female","15 - 24 years","2007","07",16
"Female","15 - 74 years","2007","07",49.6
"Female","25 - 74 years","2007","07",33.5
"Both","15 - 24 years","2007","08",40.8
"Both","15 - 74 years","2007","08",113.8
"Both","25 - 74 years","2007","08",73
"Male","15 - 24 years","2007","08",25.3
"Male","15 - 74 years","2007","08",65.5
"Male","25 - 74 years","2007","08",40.2
"Female","15 - 24 years","2007","08",15.5
"Female","15 - 74 years","2007","08",48.3
"Female","25 - 74 years","2007","08",32.8
"Both","15 - 24 years","2007","09",40.8
"Both","15 - 74 years","2007","09",116
"Both","25 - 74 years","2007","09",75.2
"Male","15 - 24 years","2007","09",25.3
"Male","15 - 74 years","2007","09",68.3
"Male","25 - 74 years","2007","09",43
"Female","15 - 24 years","2007","09",15.5
"Female","15 - 74 years","2007","09",47.7
"Female","25 - 74 years","2007","09",32.2
"Both","15 - 24 years","2007","10",42
"Both","15 - 74 years","2007","10",120.1
"Both","25 - 74 years","2007","10",78.1
"Male","15 - 24 years","2007","10",25.4
"Male","15 - 74 years","2007","10",71.3
"Male","25 - 74 years","2007","10",45.9
"Female","15 - 24 years","2007","10",16.6
"Female","15 - 74 years","2007","10",48.8
"Female","25 - 74 years","2007","10",32.2
"Both","15 - 24 years","2007","11",43.5
"Both","15 - 74 years","2007","11",124.3
"Both","25 - 74 years","2007","11",80.9
"Male","15 - 24 years","2007","11",26.3
"Male","15 - 74 years","2007","11",74.7
"Male","25 - 74 years","2007","11",48.4
"Female","15 - 24 years","2007","11",17.2
"Female","15 - 74 years","2007","11",49.6
"Female","25 - 74 years","2007","11",32.5
"Both","15 - 24 years","2007","12",44.5
"Both","15 - 74 years","2007","12",124.6
"Both","25 - 74 years","2007","12",80.1
"Male","15 - 24 years","2007","12",27.4
"Male","15 - 74 years","2007","12",75.2
"Male","25 - 74 years","2007","12",47.8
"Female","15 - 24 years","2007","12",17.1
"Female","15 - 74 years","2007","12",49.4
"Female","25 - 74 years","2007","12",32.3
"Both","15 - 24 years","2008","01",45.7
"Both","15 - 74 years","2008","01",124.5
"Both","25 - 74 years","2008","01",78.8
"Male","15 - 24 years","2008","01",28.9
"Male","15 - 74 years","2008","01",76.8
"Male","25 - 74 years","2008","01",47.9
"Female","15 - 24 years","2008","01",16.8
"Female","15 - 74 years","2008","01",47.7
"Female","25 - 74 years","2008","01",30.9
"Both","15 - 24 years","2008","02",46.7
"Both","15 - 74 years","2008","02",124.6
"Both","25 - 74 years","2008","02",77.9
"Male","15 - 24 years","2008","02",30.4
"Male","15 - 74 years","2008","02",78.4
"Male","25 - 74 years","2008","02",48
"Female","15 - 24 years","2008","02",16.3
"Female","15 - 74 years","2008","02",46.2
"Female","25 - 74 years","2008","02",29.9
"Both","15 - 24 years","2008","03",47.4
"Both","15 - 74 years","2008","03",129.2
"Both","25 - 74 years","2008","03",81.8
"Male","15 - 24 years","2008","03",31.4
"Male","15 - 74 years","2008","03",80.9
"Male","25 - 74 years","2008","03",49.5
"Female","15 - 24 years","2008","03",16
"Female","15 - 74 years","2008","03",48.3
"Female","25 - 74 years","2008","03",32.3
"Both","15 - 24 years","2008","04",48.3
"Both","15 - 74 years","2008","04",131.1
"Both","25 - 74 years","2008","04",82.8
"Male","15 - 24 years","2008","04",32.3
"Male","15 - 74 years","2008","04",82.9
"Male","25 - 74 years","2008","04",50.6
"Female","15 - 24 years","2008","04",16
"Female","15 - 74 years","2008","04",48.2
"Female","25 - 74 years","2008","04",32.3
"Both","15 - 24 years","2008","05",50.4
"Both","15 - 74 years","2008","05",137.7
"Both","25 - 74 years","2008","05",87.4
"Male","15 - 24 years","2008","05",33.5
"Male","15 - 74 years","2008","05",86.6
"Male","25 - 74 years","2008","05",53.1
"Female","15 - 24 years","2008","05",16.9
"Female","15 - 74 years","2008","05",51.1
"Female","25 - 74 years","2008","05",34.2
"Both","15 - 24 years","2008","06",54.7
"Both","15 - 74 years","2008","06",148.1
"Both","25 - 74 years","2008","06",93.5
"Male","15 - 24 years","2008","06",35.6
"Male","15 - 74 years","2008","06",92.9
"Male","25 - 74 years","2008","06",57.2
"Female","15 - 24 years","2008","06",19
"Female","15 - 74 years","2008","06",55.2
"Female","25 - 74 years","2008","06",36.2
"Both","15 - 24 years","2008","07",61.7
"Both","15 - 74 years","2008","07",163.1
"Both","25 - 74 years","2008","07",101.4
"Male","15 - 24 years","2008","07",38.5
"Male","15 - 74 years","2008","07",101.1
"Male","25 - 74 years","2008","07",62.6
"Female","15 - 24 years","2008","07",23.2
"Female","15 - 74 years","2008","07",62
"Female","25 - 74 years","2008","07",38.8
"Both","15 - 24 years","2008","08",67.1
"Both","15 - 74 years","2008","08",175.4
"Both","25 - 74 years","2008","08",108.3
"Male","15 - 24 years","2008","08",41.4
"Male","15 - 74 years","2008","08",109.1
"Male","25 - 74 years","2008","08",67.6
"Female","15 - 24 years","2008","08",25.6
"Female","15 - 74 years","2008","08",66.4
"Female","25 - 74 years","2008","08",40.7
"Both","15 - 24 years","2008","09",69.5
"Both","15 - 74 years","2008","09",183.2
"Both","25 - 74 years","2008","09",113.7
"Male","15 - 24 years","2008","09",43.7
"Male","15 - 74 years","2008","09",115.3
"Male","25 - 74 years","2008","09",71.6
"Female","15 - 24 years","2008","09",25.8
"Female","15 - 74 years","2008","09",67.9
"Female","25 - 74 years","2008","09",42.1
"Both","15 - 24 years","2008","10",69.6
"Both","15 - 74 years","2008","10",190.2
"Both","25 - 74 years","2008","10",120.6
"Male","15 - 24 years","2008","10",46.1
"Male","15 - 74 years","2008","10",122.5
"Male","25 - 74 years","2008","10",76.4
"Female","15 - 24 years","2008","10",23.5
"Female","15 - 74 years","2008","10",67.7
"Female","25 - 74 years","2008","10",44.2
"Both","15 - 24 years","2008","11",71.8
"Both","15 - 74 years","2008","11",200
"Both","25 - 74 years","2008","11",128.2
"Male","15 - 24 years","2008","11",48.7
"Male","15 - 74 years","2008","11",131
"Male","25 - 74 years","2008","11",82.4
"Female","15 - 24 years","2008","11",23.1
"Female","15 - 74 years","2008","11",69
"Female","25 - 74 years","2008","11",45.9
"Both","15 - 24 years","2008","12",73.7
"Both","15 - 74 years","2008","12",210.5
"Both","25 - 74 years","2008","12",136.8
"Male","15 - 24 years","2008","12",50.8
"Male","15 - 74 years","2008","12",139.4
"Male","25 - 74 years","2008","12",88.6
"Female","15 - 24 years","2008","12",22.8
"Female","15 - 74 years","2008","12",71.1
"Female","25 - 74 years","2008","12",48.2
"Both","15 - 24 years","2009","01",78.4
"Both","15 - 74 years","2009","01",234.5
"Both","25 - 74 years","2009","01",156
"Male","15 - 24 years","2009","01",52.5
"Male","15 - 74 years","2009","01",155.2
"Male","25 - 74 years","2009","01",102.7
"Female","15 - 24 years","2009","01",26
"Female","15 - 74 years","2009","01",79.3
"Female","25 - 74 years","2009","01",53.3
"Both","15 - 24 years","2009","02",82.8
"Both","15 - 74 years","2009","02",253.1
"Both","25 - 74 years","2009","02",170.3
"Male","15 - 24 years","2009","02",55
"Male","15 - 74 years","2009","02",168.8
"Male","25 - 74 years","2009","02",113.8
"Female","15 - 24 years","2009","02",27.8
"Female","15 - 74 years","2009","02",84.3
"Female","25 - 74 years","2009","02",56.5
"Both","15 - 24 years","2009","03",87.8
"Both","15 - 74 years","2009","03",269.5
"Both","25 - 74 years","2009","03",181.6
"Male","15 - 24 years","2009","03",58.6
"Male","15 - 74 years","2009","03",180.5
"Male","25 - 74 years","2009","03",122
"Female","15 - 24 years","2009","03",29.3
"Female","15 - 74 years","2009","03",89
"Female","25 - 74 years","2009","03",59.7
"Both","15 - 24 years","2009","04",93.7
"Both","15 - 74 years","2009","04",282.9
"Both","25 - 74 years","2009","04",189.2
"Male","15 - 24 years","2009","04",63
"Male","15 - 74 years","2009","04",190.6
"Male","25 - 74 years","2009","04",127.6
"Female","15 - 24 years","2009","04",30.7
"Female","15 - 74 years","2009","04",92.3
"Female","25 - 74 years","2009","04",61.6
"Both","15 - 24 years","2009","05",97.1
"Both","15 - 74 years","2009","05",292.5
"Both","25 - 74 years","2009","05",195.4
"Male","15 - 24 years","2009","05",65.4
"Male","15 - 74 years","2009","05",197
"Male","25 - 74 years","2009","05",131.6
"Female","15 - 24 years","2009","05",31.7
"Female","15 - 74 years","2009","05",95.5
"Female","25 - 74 years","2009","05",63.8
"Both","15 - 24 years","2009","06",97.1
"Both","15 - 74 years","2009","06",295.4
"Both","25 - 74 years","2009","06",198.3
"Male","15 - 24 years","2009","06",65.2
"Male","15 - 74 years","2009","06",199.1
"Male","25 - 74 years","2009","06",133.8
"Female","15 - 24 years","2009","06",31.9
"Female","15 - 74 years","2009","06",96.4
"Female","25 - 74 years","2009","06",64.5
"Both","15 - 24 years","2009","07",95.8
"Both","15 - 74 years","2009","07",299.4
"Both","25 - 74 years","2009","07",203.6
"Male","15 - 24 years","2009","07",63.5
"Male","15 - 74 years","2009","07",198.6
"Male","25 - 74 years","2009","07",135.1
"Female","15 - 24 years","2009","07",32.2
"Female","15 - 74 years","2009","07",100.7
"Female","25 - 74 years","2009","07",68.5
"Both","15 - 24 years","2009","08",95.2
"Both","15 - 74 years","2009","08",303.9
"Both","25 - 74 years","2009","08",208.7
"Male","15 - 24 years","2009","08",63.3
"Male","15 - 74 years","2009","08",199.9
"Male","25 - 74 years","2009","08",136.7
"Female","15 - 24 years","2009","08",31.9
"Female","15 - 74 years","2009","08",104
"Female","25 - 74 years","2009","08",72
"Both","15 - 24 years","2009","09",98.5
"Both","15 - 74 years","2009","09",312.4
"Both","25 - 74 years","2009","09",214
"Male","15 - 24 years","2009","09",66
"Male","15 - 74 years","2009","09",204.3
"Male","25 - 74 years","2009","09",138.3
"Female","15 - 24 years","2009","09",32.5
"Female","15 - 74 years","2009","09",108.1
"Female","25 - 74 years","2009","09",75.7
"Both","15 - 24 years","2009","10",100
"Both","15 - 74 years","2009","10",312.2
"Both","25 - 74 years","2009","10",212.2
"Male","15 - 24 years","2009","10",68.1
"Male","15 - 74 years","2009","10",206.2
"Male","25 - 74 years","2009","10",138.1
"Female","15 - 24 years","2009","10",31.9
"Female","15 - 74 years","2009","10",106
"Female","25 - 74 years","2009","10",74
"Both","15 - 24 years","2009","11",102.1
"Both","15 - 74 years","2009","11",315.3
"Both","25 - 74 years","2009","11",213.1
"Male","15 - 24 years","2009","11",69.8
"Male","15 - 74 years","2009","11",209.9
"Male","25 - 74 years","2009","11",140.1
"Female","15 - 24 years","2009","11",32.3
"Female","15 - 74 years","2009","11",105.4
"Female","25 - 74 years","2009","11",73.1
"Both","15 - 24 years","2009","12",100.6
"Both","15 - 74 years","2009","12",313.8
"Both","25 - 74 years","2009","12",213.2
"Male","15 - 24 years","2009","12",69.2
"Male","15 - 74 years","2009","12",210.8
"Male","25 - 74 years","2009","12",141.6
"Female","15 - 24 years","2009","12",31.4
"Female","15 - 74 years","2009","12",103
"Female","25 - 74 years","2009","12",71.6
"Both","15 - 24 years","2010","01",96.6
"Both","15 - 74 years","2010","01",313.4
"Both","25 - 74 years","2010","01",216.8
"Male","15 - 24 years","2010","01",65.1
"Male","15 - 74 years","2010","01",210.4
"Male","25 - 74 years","2010","01",145.3
"Female","15 - 24 years","2010","01",31.5
"Female","15 - 74 years","2010","01",103
"Female","25 - 74 years","2010","01",71.5
"Both","15 - 24 years","2010","02",93.2
"Both","15 - 74 years","2010","02",310.1
"Both","25 - 74 years","2010","02",216.9
"Male","15 - 24 years","2010","02",62.3
"Male","15 - 74 years","2010","02",207.8
"Male","25 - 74 years","2010","02",145.5
"Female","15 - 24 years","2010","02",30.8
"Female","15 - 74 years","2010","02",102.3
"Female","25 - 74 years","2010","02",71.4
"Both","15 - 24 years","2010","03",91.7
"Both","15 - 74 years","2010","03",313.6
"Both","25 - 74 years","2010","03",221.9
"Male","15 - 24 years","2010","03",60.9
"Male","15 - 74 years","2010","03",207.3
"Male","25 - 74 years","2010","03",146.4
"Female","15 - 24 years","2010","03",30.8
"Female","15 - 74 years","2010","03",106.3
"Female","25 - 74 years","2010","03",75.5
"Both","15 - 24 years","2010","04",90.4
"Both","15 - 74 years","2010","04",319.6
"Both","25 - 74 years","2010","04",229.2
"Male","15 - 24 years","2010","04",59.5
"Male","15 - 74 years","2010","04",207.3
"Male","25 - 74 years","2010","04",147.7
"Female","15 - 24 years","2010","04",30.8
"Female","15 - 74 years","2010","04",112.3
"Female","25 - 74 years","2010","04",81.5
"Both","15 - 24 years","2010","05",90.3
"Both","15 - 74 years","2010","05",326
"Both","25 - 74 years","2010","05",235.6
"Male","15 - 24 years","2010","05",59.2
"Male","15 - 74 years","2010","05",208.7
"Male","25 - 74 years","2010","05",149.5
"Female","15 - 24 years","2010","05",31.1
"Female","15 - 74 years","2010","05",117.3
"Female","25 - 74 years","2010","05",86.2
"Both","15 - 24 years","2010","06",88.8
"Both","15 - 74 years","2010","06",323.1
"Both","25 - 74 years","2010","06",234.3
"Male","15 - 24 years","2010","06",58.3
"Male","15 - 74 years","2010","06",208.7
"Male","25 - 74 years","2010","06",150.4
"Female","15 - 24 years","2010","06",30.5
"Female","15 - 74 years","2010","06",114.5
"Female","25 - 74 years","2010","06",83.9
"Both","15 - 24 years","2010","07",88.4
"Both","15 - 74 years","2010","07",321.8
"Both","25 - 74 years","2010","07",233.4
"Male","15 - 24 years","2010","07",57.7
"Male","15 - 74 years","2010","07",209.2
"Male","25 - 74 years","2010","07",151.6
"Female","15 - 24 years","2010","07",30.7
"Female","15 - 74 years","2010","07",112.6
"Female","25 - 74 years","2010","07",81.8
"Both","15 - 24 years","2010","08",88.9
"Both","15 - 74 years","2010","08",325.2
"Both","25 - 74 years","2010","08",236.3
"Male","15 - 24 years","2010","08",57.4
"Male","15 - 74 years","2010","08",211.2
"Male","25 - 74 years","2010","08",153.8
"Female","15 - 24 years","2010","08",31.5
"Female","15 - 74 years","2010","08",114
"Female","25 - 74 years","2010","08",82.5
"Both","15 - 24 years","2010","09",92.6
"Both","15 - 74 years","2010","09",334.8
"Both","25 - 74 years","2010","09",242.2
"Male","15 - 24 years","2010","09",58.3
"Male","15 - 74 years","2010","09",215
"Male","25 - 74 years","2010","09",156.7
"Female","15 - 24 years","2010","09",34.3
"Female","15 - 74 years","2010","09",119.8
"Female","25 - 74 years","2010","09",85.5
"Both","15 - 24 years","2010","10",95.5
"Both","15 - 74 years","2010","10",344
"Both","25 - 74 years","2010","10",248.5
"Male","15 - 24 years","2010","10",58.5
"Male","15 - 74 years","2010","10",218.2
"Male","25 - 74 years","2010","10",159.6
"Female","15 - 24 years","2010","10",37
"Female","15 - 74 years","2010","10",125.8
"Female","25 - 74 years","2010","10",88.9
"Both","15 - 24 years","2010","11",97.8
"Both","15 - 74 years","2010","11",349.2
"Both","25 - 74 years","2010","11",251.5
"Male","15 - 24 years","2010","11",59.4
"Male","15 - 74 years","2010","11",220.5
"Male","25 - 74 years","2010","11",161.2
"Female","15 - 24 years","2010","11",38.4
"Female","15 - 74 years","2010","11",128.7
"Female","25 - 74 years","2010","11",90.3
"Both","15 - 24 years","2010","12",96.4
"Both","15 - 74 years","2010","12",351
"Both","25 - 74 years","2010","12",254.6
"Male","15 - 24 years","2010","12",59.3
"Male","15 - 74 years","2010","12",223
"Male","25 - 74 years","2010","12",163.7
"Female","15 - 24 years","2010","12",37.1
"Female","15 - 74 years","2010","12",128
"Female","25 - 74 years","2010","12",90.9
"Both","15 - 24 years","2011","01",93.2
"Both","15 - 74 years","2011","01",342.8
"Both","25 - 74 years","2011","01",249.6
"Male","15 - 24 years","2011","01",58.1
"Male","15 - 74 years","2011","01",218.4
"Male","25 - 74 years","2011","01",160.3
"Female","15 - 24 years","2011","01",35.1
"Female","15 - 74 years","2011","01",124.4
"Female","25 - 74 years","2011","01",89.3
"Both","15 - 24 years","2011","02",90.5
"Both","15 - 74 years","2011","02",336.6
"Both","25 - 74 years","2011","02",246.1
"Male","15 - 24 years","2011","02",57.4
"Male","15 - 74 years","2011","02",215.5
"Male","25 - 74 years","2011","02",158.1
"Female","15 - 24 years","2011","02",33.1
"Female","15 - 74 years","2011","02",121.1
"Female","25 - 74 years","2011","02",87.9
"Both","15 - 24 years","2011","03",88
"Both","15 - 74 years","2011","03",333.8
"Both","25 - 74 years","2011","03",245.8
"Male","15 - 24 years","2011","03",56.5
"Male","15 - 74 years","2011","03",213.9
"Male","25 - 74 years","2011","03",157.4
"Female","15 - 24 years","2011","03",31.5
"Female","15 - 74 years","2011","03",120
"Female","25 - 74 years","2011","03",88.5
"Both","15 - 24 years","2011","04",85.5
"Both","15 - 74 years","2011","04",333.5
"Both","25 - 74 years","2011","04",247.9
"Male","15 - 24 years","2011","04",54.8
"Male","15 - 74 years","2011","04",212.3
"Male","25 - 74 years","2011","04",157.4
"Female","15 - 24 years","2011","04",30.7
"Female","15 - 74 years","2011","04",121.2
"Female","25 - 74 years","2011","04",90.5
"Both","15 - 24 years","2011","05",84
"Both","15 - 74 years","2011","05",334.6
"Both","25 - 74 years","2011","05",250.7
"Male","15 - 24 years","2011","05",54
"Male","15 - 74 years","2011","05",212.5
"Male","25 - 74 years","2011","05",158.5
"Female","15 - 24 years","2011","05",30
"Female","15 - 74 years","2011","05",122.2
"Female","25 - 74 years","2011","05",92.2
"Both","15 - 24 years","2011","06",83.5
"Both","15 - 74 years","2011","06",336.8
"Both","25 - 74 years","2011","06",253.3
"Male","15 - 24 years","2011","06",53.8
"Male","15 - 74 years","2011","06",213.9
"Male","25 - 74 years","2011","06",160.1
"Female","15 - 24 years","2011","06",29.7
"Female","15 - 74 years","2011","06",122.9
"Female","25 - 74 years","2011","06",93.1
"Both","15 - 24 years","2011","07",84
"Both","15 - 74 years","2011","07",343.3
"Both","25 - 74 years","2011","07",259.3
"Male","15 - 24 years","2011","07",53.8
"Male","15 - 74 years","2011","07",215.1
"Male","25 - 74 years","2011","07",161.2
"Female","15 - 24 years","2011","07",30.2
"Female","15 - 74 years","2011","07",128.3
"Female","25 - 74 years","2011","07",98.1
"Both","15 - 24 years","2011","08",90.3
"Both","15 - 74 years","2011","08",347.8
"Both","25 - 74 years","2011","08",257.4
"Male","15 - 24 years","2011","08",59.5
"Male","15 - 74 years","2011","08",220.9
"Male","25 - 74 years","2011","08",161.4
"Female","15 - 24 years","2011","08",30.8
"Female","15 - 74 years","2011","08",126.9
"Female","25 - 74 years","2011","08",96.1
"Both","15 - 24 years","2011","09",85.9
"Both","15 - 74 years","2011","09",346.6
"Both","25 - 74 years","2011","09",260.7
"Male","15 - 24 years","2011","09",55.3
"Male","15 - 74 years","2011","09",216.2
"Male","25 - 74 years","2011","09",160.9
"Female","15 - 24 years","2011","09",30.5
"Female","15 - 74 years","2011","09",130.4
"Female","25 - 74 years","2011","09",99.8
"Both","15 - 24 years","2011","10",90.2
"Both","15 - 74 years","2011","10",349.5
"Both","25 - 74 years","2011","10",259.3
"Male","15 - 24 years","2011","10",58.1
"Male","15 - 74 years","2011","10",219.7
"Male","25 - 74 years","2011","10",161.6
"Female","15 - 24 years","2011","10",32.1
"Female","15 - 74 years","2011","10",129.7
"Female","25 - 74 years","2011","10",97.7
"Both","15 - 24 years","2011","11",92.8
"Both","15 - 74 years","2011","11",353.8
"Both","25 - 74 years","2011","11",261
"Male","15 - 24 years","2011","11",59.4
"Male","15 - 74 years","2011","11",222
"Male","25 - 74 years","2011","11",162.6
"Female","15 - 24 years","2011","11",33.4
"Female","15 - 74 years","2011","11",131.8
"Female","25 - 74 years","2011","11",98.4
"Both","15 - 24 years","2011","12",91
"Both","15 - 74 years","2011","12",354
"Both","25 - 74 years","2011","12",263
"Male","15 - 24 years","2011","12",58
"Male","15 - 74 years","2011","12",222
"Male","25 - 74 years","2011","12",163.9
"Female","15 - 24 years","2011","12",32.9
"Female","15 - 74 years","2011","12",132
"Female","25 - 74 years","2011","12",99.1
"Both","15 - 24 years","2012","01",90.5
"Both","15 - 74 years","2012","01",356.3
"Both","25 - 74 years","2012","01",265.8
"Male","15 - 24 years","2012","01",57.3
"Male","15 - 74 years","2012","01",222.1
"Male","25 - 74 years","2012","01",164.8
"Female","15 - 24 years","2012","01",33.3
"Female","15 - 74 years","2012","01",134.2
"Female","25 - 74 years","2012","01",100.9
"Both","15 - 24 years","2012","02",91.1
"Both","15 - 74 years","2012","02",356.2
"Both","25 - 74 years","2012","02",265.2
"Male","15 - 24 years","2012","02",57.2
"Male","15 - 74 years","2012","02",221.8
"Male","25 - 74 years","2012","02",164.6
"Female","15 - 24 years","2012","02",33.9
"Female","15 - 74 years","2012","02",134.4
"Female","25 - 74 years","2012","02",100.6
"Both","15 - 24 years","2012","03",90.4
"Both","15 - 74 years","2012","03",352.8
"Both","25 - 74 years","2012","03",262.4
"Male","15 - 24 years","2012","03",57.1
"Male","15 - 74 years","2012","03",220.2
"Male","25 - 74 years","2012","03",163.1
"Female","15 - 24 years","2012","03",33.3
"Female","15 - 74 years","2012","03",132.6
"Female","25 - 74 years","2012","03",99.3
"Both","15 - 24 years","2012","04",90
"Both","15 - 74 years","2012","04",345.4
"Both","25 - 74 years","2012","04",255.4
"Male","15 - 24 years","2012","04",57.4
"Male","15 - 74 years","2012","04",218.4
"Male","25 - 74 years","2012","04",161.1
"Female","15 - 24 years","2012","04",32.6
"Female","15 - 74 years","2012","04",126.9
"Female","25 - 74 years","2012","04",94.3
"Both","15 - 24 years","2012","05",89.6
"Both","15 - 74 years","2012","05",343.1
"Both","25 - 74 years","2012","05",253.4
"Male","15 - 24 years","2012","05",57.3
"Male","15 - 74 years","2012","05",217.4
"Male","25 - 74 years","2012","05",160.1
"Female","15 - 24 years","2012","05",32.3
"Female","15 - 74 years","2012","05",125.6
"Female","25 - 74 years","2012","05",93.3
"Both","15 - 24 years","2012","06",90.9
"Both","15 - 74 years","2012","06",344.2
"Both","25 - 74 years","2012","06",253.3
"Male","15 - 24 years","2012","06",57.8
"Male","15 - 74 years","2012","06",218.3
"Male","25 - 74 years","2012","06",160.4
"Female","15 - 24 years","2012","06",33
"Female","15 - 74 years","2012","06",125.9
"Female","25 - 74 years","2012","06",92.9
"Both","15 - 24 years","2012","07",90.1
"Both","15 - 74 years","2012","07",345.3
"Both","25 - 74 years","2012","07",255.3
"Male","15 - 24 years","2012","07",56.8
"Male","15 - 74 years","2012","07",217.8
"Male","25 - 74 years","2012","07",161.1
"Female","15 - 24 years","2012","07",33.3
"Female","15 - 74 years","2012","07",127.5
"Female","25 - 74 years","2012","07",94.2
"Both","15 - 24 years","2012","08",88.2
"Both","15 - 74 years","2012","08",343.8
"Both","25 - 74 years","2012","08",255.6
"Male","15 - 24 years","2012","08",55.9
"Male","15 - 74 years","2012","08",216.9
"Male","25 - 74 years","2012","08",161
"Female","15 - 24 years","2012","08",32.3
"Female","15 - 74 years","2012","08",126.9
"Female","25 - 74 years","2012","08",94.6
"Both","15 - 24 years","2012","09",86.3
"Both","15 - 74 years","2012","09",340.7
"Both","25 - 74 years","2012","09",254.3
"Male","15 - 24 years","2012","09",54.7
"Male","15 - 74 years","2012","09",213.1
"Male","25 - 74 years","2012","09",158.4
"Female","15 - 24 years","2012","09",31.7
"Female","15 - 74 years","2012","09",127.6
"Female","25 - 74 years","2012","09",95.9
"Both","15 - 24 years","2012","10",83.8
"Both","15 - 74 years","2012","10",335.6
"Both","25 - 74 years","2012","10",251.8
"Male","15 - 24 years","2012","10",53.6
"Male","15 - 74 years","2012","10",210.2
"Male","25 - 74 years","2012","10",156.6
"Female","15 - 24 years","2012","10",30.2
"Female","15 - 74 years","2012","10",125.4
"Female","25 - 74 years","2012","10",95.2
"Both","15 - 24 years","2012","11",81.4
"Both","15 - 74 years","2012","11",331.7
"Both","25 - 74 years","2012","11",250.2
"Male","15 - 24 years","2012","11",51.8
"Male","15 - 74 years","2012","11",206
"Male","25 - 74 years","2012","11",154.2
"Female","15 - 24 years","2012","11",29.6
"Female","15 - 74 years","2012","11",125.7
"Female","25 - 74 years","2012","11",96.1
"Both","15 - 24 years","2012","12",79.4
"Both","15 - 74 years","2012","12",327.6
"Both","25 - 74 years","2012","12",248.2
"Male","15 - 24 years","2012","12",49.7
"Male","15 - 74 years","2012","12",201.1
"Male","25 - 74 years","2012","12",151.4
"Female","15 - 24 years","2012","12",29.7
"Female","15 - 74 years","2012","12",126.6
"Female","25 - 74 years","2012","12",96.8
"Both","15 - 24 years","2013","01",78.2
"Both","15 - 74 years","2013","01",323.8
"Both","25 - 74 years","2013","01",245.6
"Male","15 - 24 years","2013","01",47.5
"Male","15 - 74 years","2013","01",194.8
"Male","25 - 74 years","2013","01",147.3
"Female","15 - 24 years","2013","01",30.7
"Female","15 - 74 years","2013","01",128.9
"Female","25 - 74 years","2013","01",98.3
"Both","15 - 24 years","2013","02",78.9
"Both","15 - 74 years","2013","02",322.7
"Both","25 - 74 years","2013","02",243.8
"Male","15 - 24 years","2013","02",46.9
"Male","15 - 74 years","2013","02",191.6
"Male","25 - 74 years","2013","02",144.7
"Female","15 - 24 years","2013","02",32
"Female","15 - 74 years","2013","02",131.1
"Female","25 - 74 years","2013","02",99.1
"Both","15 - 24 years","2013","03",78.6
"Both","15 - 74 years","2013","03",323
"Both","25 - 74 years","2013","03",244.4
"Male","15 - 24 years","2013","03",46.3
"Male","15 - 74 years","2013","03",189.6
"Male","25 - 74 years","2013","03",143.3
"Female","15 - 24 years","2013","03",32.3
"Female","15 - 74 years","2013","03",133.4
"Female","25 - 74 years","2013","03",101.1
"Both","15 - 24 years","2013","04",79.3
"Both","15 - 74 years","2013","04",324.9
"Both","25 - 74 years","2013","04",245.6
"Male","15 - 24 years","2013","04",47.2
"Male","15 - 74 years","2013","04",190.1
"Male","25 - 74 years","2013","04",142.9
"Female","15 - 24 years","2013","04",32.1
"Female","15 - 74 years","2013","04",134.8
"Female","25 - 74 years","2013","04",102.6
"Both","15 - 24 years","2013","05",79.7
"Both","15 - 74 years","2013","05",324.8
"Both","25 - 74 years","2013","05",245.1
"Male","15 - 24 years","2013","05",47.7
"Male","15 - 74 years","2013","05",190.7
"Male","25 - 74 years","2013","05",142.9
"Female","15 - 24 years","2013","05",31.9
"Female","15 - 74 years","2013","05",134.2
"Female","25 - 74 years","2013","05",102.2
"Both","15 - 24 years","2013","06",78
"Both","15 - 74 years","2013","06",317.4
"Both","25 - 74 years","2013","06",239.5
"Male","15 - 24 years","2013","06",47.1
"Male","15 - 74 years","2013","06",187.7
"Male","25 - 74 years","2013","06",140.6
"Female","15 - 24 years","2013","06",30.8
"Female","15 - 74 years","2013","06",129.7
"Female","25 - 74 years","2013","06",98.9
"Both","15 - 24 years","2013","07",75.6
"Both","15 - 74 years","2013","07",306.9
"Both","25 - 74 years","2013","07",231.3
"Male","15 - 24 years","2013","07",46.2
"Male","15 - 74 years","2013","07",184.5
"Male","25 - 74 years","2013","07",138.3
"Female","15 - 24 years","2013","07",29.4
"Female","15 - 74 years","2013","07",122.4
"Female","25 - 74 years","2013","07",93
"Both","15 - 24 years","2013","08",72.8
"Both","15 - 74 years","2013","08",297.7
"Both","25 - 74 years","2013","08",224.9
"Male","15 - 24 years","2013","08",44.6
"Male","15 - 74 years","2013","08",179.4
"Male","25 - 74 years","2013","08",134.9
"Female","15 - 24 years","2013","08",28.3
"Female","15 - 74 years","2013","08",118.3
"Female","25 - 74 years","2013","08",90
"Both","15 - 24 years","2013","09",71.9
"Both","15 - 74 years","2013","09",294.1
"Both","25 - 74 years","2013","09",222.2
"Male","15 - 24 years","2013","09",43
"Male","15 - 74 years","2013","09",174.6
"Male","25 - 74 years","2013","09",131.6
"Female","15 - 24 years","2013","09",28.9
"Female","15 - 74 years","2013","09",119.6
"Female","25 - 74 years","2013","09",90.6
"Both","15 - 24 years","2013","10",70.7
"Both","15 - 74 years","2013","10",290.4
"Both","25 - 74 years","2013","10",219.6
"Male","15 - 24 years","2013","10",41
"Male","15 - 74 years","2013","10",168.5
"Male","25 - 74 years","2013","10",127.5
"Female","15 - 24 years","2013","10",29.7
"Female","15 - 74 years","2013","10",121.8
"Female","25 - 74 years","2013","10",92.1
"Both","15 - 24 years","2013","11",69.6
"Both","15 - 74 years","2013","11",288.6
"Both","25 - 74 years","2013","11",219
"Male","15 - 24 years","2013","11",39.8
"Male","15 - 74 years","2013","11",165.3
"Male","25 - 74 years","2013","11",125.5
"Female","15 - 24 years","2013","11",29.9
"Female","15 - 74 years","2013","11",123.4
"Female","25 - 74 years","2013","11",93.5
"Both","15 - 24 years","2013","12",70.1
"Both","15 - 74 years","2013","12",288.3
"Both","25 - 74 years","2013","12",218.2
"Male","15 - 24 years","2013","12",40.1
"Male","15 - 74 years","2013","12",165
"Male","25 - 74 years","2013","12",124.9
"Female","15 - 24 years","2013","12",30
"Female","15 - 74 years","2013","12",123.3
"Female","25 - 74 years","2013","12",93.3
"Both","15 - 24 years","2014","01",71.3
"Both","15 - 74 years","2014","01",290.3
"Both","25 - 74 years","2014","01",219
"Male","15 - 24 years","2014","01",42
"Male","15 - 74 years","2014","01",167.7
"Male","25 - 74 years","2014","01",125.7
"Female","15 - 24 years","2014","01",29.4
"Female","15 - 74 years","2014","01",122.6
"Female","25 - 74 years","2014","01",93.2
"Both","15 - 24 years","2014","02",72.2
"Both","15 - 74 years","2014","02",290.2
"Both","25 - 74 years","2014","02",218
"Male","15 - 24 years","2014","02",43
"Male","15 - 74 years","2014","02",169.4
"Male","25 - 74 years","2014","02",126.3
"Female","15 - 24 years","2014","02",29.1
"Female","15 - 74 years","2014","02",120.8
"Female","25 - 74 years","2014","02",91.6
"Both","15 - 24 years","2014","03",70.7
"Both","15 - 74 years","2014","03",284.6
"Both","25 - 74 years","2014","03",213.9
"Male","15 - 24 years","2014","03",41.9
"Male","15 - 74 years","2014","03",167.4
"Male","25 - 74 years","2014","03",125.6
"Female","15 - 24 years","2014","03",28.9
"Female","15 - 74 years","2014","03",117.2
"Female","25 - 74 years","2014","03",88.3
"Both","15 - 24 years","2014","04",68.2
"Both","15 - 74 years","2014","04",277.8
"Both","25 - 74 years","2014","04",209.7
"Male","15 - 24 years","2014","04",39.6
"Male","15 - 74 years","2014","04",164
"Male","25 - 74 years","2014","04",124.4
"Female","15 - 24 years","2014","04",28.6
"Female","15 - 74 years","2014","04",113.8
"Female","25 - 74 years","2014","04",85.2
"Both","15 - 24 years","2014","05",66
"Both","15 - 74 years","2014","05",272.5
"Both","25 - 74 years","2014","05",206.5
"Male","15 - 24 years","2014","05",38.6
"Male","15 - 74 years","2014","05",161.6
"Male","25 - 74 years","2014","05",123
"Female","15 - 24 years","2014","05",27.4
"Female","15 - 74 years","2014","05",110.9
"Female","25 - 74 years","2014","05",83.5
"Both","15 - 24 years","2014","06",63.9
"Both","15 - 74 years","2014","06",267.4
"Both","25 - 74 years","2014","06",203.4
"Male","15 - 24 years","2014","06",37.6
"Male","15 - 74 years","2014","06",157.4
"Male","25 - 74 years","2014","06",119.8
"Female","15 - 24 years","2014","06",26.4
"Female","15 - 74 years","2014","06",110
"Female","25 - 74 years","2014","06",83.6
"Both","15 - 24 years","2014","07",62.5
"Both","15 - 74 years","2014","07",266.6
"Both","25 - 74 years","2014","07",204.1
"Male","15 - 24 years","2014","07",37.3
"Male","15 - 74 years","2014","07",154.6
"Male","25 - 74 years","2014","07",117.3
"Female","15 - 24 years","2014","07",25.2
"Female","15 - 74 years","2014","07",112
"Female","25 - 74 years","2014","07",86.8
"Both","15 - 24 years","2014","08",60.7
"Both","15 - 74 years","2014","08",263.4
"Both","25 - 74 years","2014","08",202.6
"Male","15 - 24 years","2014","08",37
"Male","15 - 74 years","2014","08",151.6
"Male","25 - 74 years","2014","08",114.6
"Female","15 - 24 years","2014","08",23.7
"Female","15 - 74 years","2014","08",111.8
"Female","25 - 74 years","2014","08",88.1
"Both","15 - 24 years","2014","09",59
"Both","15 - 74 years","2014","09",258.6
"Both","25 - 74 years","2014","09",199.6
"Male","15 - 24 years","2014","09",36.5
"Male","15 - 74 years","2014","09",148.6
"Male","25 - 74 years","2014","09",112.1
"Female","15 - 24 years","2014","09",22.5
"Female","15 - 74 years","2014","09",110
"Female","25 - 74 years","2014","09",87.5
"Both","15 - 24 years","2014","10",57.2
"Both","15 - 74 years","2014","10",250.9
"Both","25 - 74 years","2014","10",193.8
"Male","15 - 24 years","2014","10",36.2
"Male","15 - 74 years","2014","10",146
"Male","25 - 74 years","2014","10",109.9
"Female","15 - 24 years","2014","10",21
"Female","15 - 74 years","2014","10",104.9
"Female","25 - 74 years","2014","10",83.9
"Both","15 - 24 years","2014","11",57.1
"Both","15 - 74 years","2014","11",245.2
"Both","25 - 74 years","2014","11",188.1
"Male","15 - 24 years","2014","11",36.6
"Male","15 - 74 years","2014","11",144.5
"Male","25 - 74 years","2014","11",107.9
"Female","15 - 24 years","2014","11",20.5
"Female","15 - 74 years","2014","11",100.7
"Female","25 - 74 years","2014","11",80.2
"Both","15 - 24 years","2014","12",58.8
"Both","15 - 74 years","2014","12",242.5
"Both","25 - 74 years","2014","12",183.8
"Male","15 - 24 years","2014","12",37.6
"Male","15 - 74 years","2014","12",143.8
"Male","25 - 74 years","2014","12",106.2
"Female","15 - 24 years","2014","12",21.2
"Female","15 - 74 years","2014","12",98.7
"Female","25 - 74 years","2014","12",77.5
"Both","15 - 24 years","2015","01",62.4
"Both","15 - 74 years","2015","01",243.1
"Both","25 - 74 years","2015","01",180.7
"Male","15 - 24 years","2015","01",39.6
"Male","15 - 74 years","2015","01",144.6
"Male","25 - 74 years","2015","01",105
"Female","15 - 24 years","2015","01",22.8
"Female","15 - 74 years","2015","01",98.5
"Female","25 - 74 years","2015","01",75.7
"Both","15 - 24 years","2015","02",63
"Both","15 - 74 years","2015","02",241.8
"Both","25 - 74 years","2015","02",178.8
"Male","15 - 24 years","2015","02",39.8
"Male","15 - 74 years","2015","02",143.5
"Male","25 - 74 years","2015","02",103.7
"Female","15 - 24 years","2015","02",23.2
"Female","15 - 74 years","2015","02",98.2
"Female","25 - 74 years","2015","02",75.1
"Both","15 - 24 years","2015","03",60.1
"Both","15 - 74 years","2015","03",237.9
"Both","25 - 74 years","2015","03",177.8
"Male","15 - 24 years","2015","03",37.7
"Male","15 - 74 years","2015","03",140.3
"Male","25 - 74 years","2015","03",102.7
"Female","15 - 24 years","2015","03",22.4
"Female","15 - 74 years","2015","03",97.6
"Female","25 - 74 years","2015","03",75.1
"Both","15 - 24 years","2015","04",55.6
"Both","15 - 74 years","2015","04",233.3
"Both","25 - 74 years","2015","04",177.7
"Male","15 - 24 years","2015","04",34.6
"Male","15 - 74 years","2015","04",135.9
"Male","25 - 74 years","2015","04",101.3
"Female","15 - 24 years","2015","04",21
"Female","15 - 74 years","2015","04",97.4
"Female","25 - 74 years","2015","04",76.4
"Both","15 - 24 years","2015","05",53.2
"Both","15 - 74 years","2015","05",230.5
"Both","25 - 74 years","2015","05",177.3
"Male","15 - 24 years","2015","05",32.9
"Male","15 - 74 years","2015","05",132.9
"Male","25 - 74 years","2015","05",100
"Female","15 - 24 years","2015","05",20.2
"Female","15 - 74 years","2015","05",97.6
"Female","25 - 74 years","2015","05",77.4
"Both","15 - 24 years","2015","06",51.7
"Both","15 - 74 years","2015","06",225.1
"Both","25 - 74 years","2015","06",173.3
"Male","15 - 24 years","2015","06",32.3
"Male","15 - 74 years","2015","06",130.3
"Male","25 - 74 years","2015","06",98
"Female","15 - 24 years","2015","06",19.4
"Female","15 - 74 years","2015","06",94.8
"Female","25 - 74 years","2015","06",75.4
"Both","15 - 24 years","2015","07",51.8
"Both","15 - 74 years","2015","07",219.5
"Both","25 - 74 years","2015","07",167.7
"Male","15 - 24 years","2015","07",32.5
"Male","15 - 74 years","2015","07",128.7
"Male","25 - 74 years","2015","07",96.2
"Female","15 - 24 years","2015","07",19.4
"Female","15 - 74 years","2015","07",90.9
"Female","25 - 74 years","2015","07",71.5
"Both","15 - 24 years","2015","08",52.1
"Both","15 - 74 years","2015","08",217.2
"Both","25 - 74 years","2015","08",165.1
"Male","15 - 24 years","2015","08",32.8
"Male","15 - 74 years","2015","08",128.6
"Male","25 - 74 years","2015","08",95.8
"Female","15 - 24 years","2015","08",19.3
"Female","15 - 74 years","2015","08",88.6
"Female","25 - 74 years","2015","08",69.3
"Both","15 - 24 years","2015","09",53.4
"Both","15 - 74 years","2015","09",218
"Both","25 - 74 years","2015","09",164.5
"Male","15 - 24 years","2015","09",33.4
"Male","15 - 74 years","2015","09",130.5
"Male","25 - 74 years","2015","09",97
"Female","15 - 24 years","2015","09",20
"Female","15 - 74 years","2015","09",87.5
"Female","25 - 74 years","2015","09",67.5
"Both","15 - 24 years","2015","10",53.6
"Both","15 - 74 years","2015","10",218.5
"Both","25 - 74 years","2015","10",164.9
"Male","15 - 24 years","2015","10",33.2
"Male","15 - 74 years","2015","10",131.8
"Male","25 - 74 years","2015","10",98.6
"Female","15 - 24 years","2015","10",20.4
"Female","15 - 74 years","2015","10",86.7
"Female","25 - 74 years","2015","10",66.3
"Both","15 - 24 years","2015","11",53.3
"Both","15 - 74 years","2015","11",217.2
"Both","25 - 74 years","2015","11",163.9
"Male","15 - 24 years","2015","11",33.3
"Male","15 - 74 years","2015","11",132.5
"Male","25 - 74 years","2015","11",99.2
"Female","15 - 24 years","2015","11",20
"Female","15 - 74 years","2015","11",84.7
"Female","25 - 74 years","2015","11",64.7
"Both","15 - 24 years","2015","12",51.8
"Both","15 - 74 years","2015","12",213.7
"Both","25 - 74 years","2015","12",161.9
"Male","15 - 24 years","2015","12",33.3
"Male","15 - 74 years","2015","12",131.6
"Male","25 - 74 years","2015","12",98.3
"Female","15 - 24 years","2015","12",18.5
"Female","15 - 74 years","2015","12",82.2
"Female","25 - 74 years","2015","12",63.7
"Both","15 - 24 years","2016","01",48.8
"Both","15 - 74 years","2016","01",205.6
"Both","25 - 74 years","2016","01",156.8
"Male","15 - 24 years","2016","01",32.7
"Male","15 - 74 years","2016","01",126.7
"Male","25 - 74 years","2016","01",94
"Female","15 - 24 years","2016","01",16.1
"Female","15 - 74 years","2016","01",78.9
"Female","25 - 74 years","2016","01",62.8
"Both","15 - 24 years","2016","02",47.9
"Both","15 - 74 years","2016","02",203
"Both","25 - 74 years","2016","02",155.1
"Male","15 - 24 years","2016","02",32.3
"Male","15 - 74 years","2016","02",124.3
"Male","25 - 74 years","2016","02",92.1
"Female","15 - 24 years","2016","02",15.6
"Female","15 - 74 years","2016","02",78.6
"Female","25 - 74 years","2016","02",63
"Both","15 - 24 years","2016","03",48.6
"Both","15 - 74 years","2016","03",203.6
"Both","25 - 74 years","2016","03",155
"Male","15 - 24 years","2016","03",31.4
"Male","15 - 74 years","2016","03",122.2
"Male","25 - 74 years","2016","03",90.8
"Female","15 - 24 years","2016","03",17.2
"Female","15 - 74 years","2016","03",81.4
"Female","25 - 74 years","2016","03",64.2
"Both","15 - 24 years","2016","04",50.3
"Both","15 - 74 years","2016","04",205.8
"Both","25 - 74 years","2016","04",155.5
"Male","15 - 24 years","2016","04",30.7
"Male","15 - 74 years","2016","04",120.5
"Male","25 - 74 years","2016","04",89.8
"Female","15 - 24 years","2016","04",19.6
"Female","15 - 74 years","2016","04",85.3
"Female","25 - 74 years","2016","04",65.7
"Both","15 - 24 years","2016","05",51.2
"Both","15 - 74 years","2016","05",206.8
"Both","25 - 74 years","2016","05",155.5
"Male","15 - 24 years","2016","05",30.6
"Male","15 - 74 years","2016","05",119.6
"Male","25 - 74 years","2016","05",89
"Female","15 - 24 years","2016","05",20.6
"Female","15 - 74 years","2016","05",87.1
"Female","25 - 74 years","2016","05",66.5
"Both","15 - 24 years","2016","06",51.1
"Both","15 - 74 years","2016","06",204.6
"Both","25 - 74 years","2016","06",153.4
"Male","15 - 24 years","2016","06",30.9
"Male","15 - 74 years","2016","06",118.3
"Male","25 - 74 years","2016","06",87.4
"Female","15 - 24 years","2016","06",20.3
"Female","15 - 74 years","2016","06",86.2
"Female","25 - 74 years","2016","06",66
"Both","15 - 24 years","2016","07",49.5
"Both","15 - 74 years","2016","07",197.5
"Both","25 - 74 years","2016","07",148
"Male","15 - 24 years","2016","07",31.2
"Male","15 - 74 years","2016","07",117
"Male","25 - 74 years","2016","07",85.8
"Female","15 - 24 years","2016","07",18.3
"Female","15 - 74 years","2016","07",80.5
"Female","25 - 74 years","2016","07",62.2
"Both","15 - 24 years","2016","08",48.8
"Both","15 - 74 years","2016","08",193.8
"Both","25 - 74 years","2016","08",145
"Male","15 - 24 years","2016","08",31.2
"Male","15 - 74 years","2016","08",114.2
"Male","25 - 74 years","2016","08",83
"Female","15 - 24 years","2016","08",17.7
"Female","15 - 74 years","2016","08",79.6
"Female","25 - 74 years","2016","08",61.9
"Both","15 - 24 years","2016","09",47.9
"Both","15 - 74 years","2016","09",185.3
"Both","25 - 74 years","2016","09",137.4
"Male","15 - 24 years","2016","09",30.1
"Male","15 - 74 years","2016","09",108.7
"Male","25 - 74 years","2016","09",78.6
"Female","15 - 24 years","2016","09",17.7
"Female","15 - 74 years","2016","09",76.6
"Female","25 - 74 years","2016","09",58.9
"Both","15 - 24 years","2016","10",48.6
"Both","15 - 74 years","2016","10",179.9
"Both","25 - 74 years","2016","10",131.3
"Male","15 - 24 years","2016","10",29.3
"Male","15 - 74 years","2016","10",103.6
"Male","25 - 74 years","2016","10",74.3
"Female","15 - 24 years","2016","10",19.2
"Female","15 - 74 years","2016","10",76.3
"Female","25 - 74 years","2016","10",57.1
"Both","15 - 24 years","2016","11",47.5
"Both","15 - 74 years","2016","11",175.9
"Both","25 - 74 years","2016","11",128.4
"Male","15 - 24 years","2016","11",27.8
"Male","15 - 74 years","2016","11",99.2
"Male","25 - 74 years","2016","11",71.5
"Female","15 - 24 years","2016","11",19.7
"Female","15 - 74 years","2016","11",76.7
"Female","25 - 74 years","2016","11",56.9
"Both","15 - 24 years","2016","12",45.2
"Both","15 - 74 years","2016","12",173.1
"Both","25 - 74 years","2016","12",127.9
"Male","15 - 24 years","2016","12",25.8
"Male","15 - 74 years","2016","12",96.2
"Male","25 - 74 years","2016","12",70.4
"Female","15 - 24 years","2016","12",19.5
"Female","15 - 74 years","2016","12",76.9
"Female","25 - 74 years","2016","12",57.5
"Both","15 - 24 years","2017","01",41.4
"Both","15 - 74 years","2017","01",171.7
"Both","25 - 74 years","2017","01",130.3
"Male","15 - 24 years","2017","01",23
"Male","15 - 74 years","2017","01",94.1
"Male","25 - 74 years","2017","01",71
"Female","15 - 24 years","2017","01",18.3
"Female","15 - 74 years","2017","01",77.6
"Female","25 - 74 years","2017","01",59.3
"Both","15 - 24 years","2017","02",39
"Both","15 - 74 years","2017","02",169.2
"Both","25 - 74 years","2017","02",130.2
"Male","15 - 24 years","2017","02",21.8
"Male","15 - 74 years","2017","02",93.1
"Male","25 - 74 years","2017","02",71.2
"Female","15 - 24 years","2017","02",17.2
"Female","15 - 74 years","2017","02",76.1
"Female","25 - 74 years","2017","02",58.9
"Both","15 - 24 years","2017","03",40
"Both","15 - 74 years","2017","03",163.9
"Both","25 - 74 years","2017","03",124
"Male","15 - 24 years","2017","03",23.3
"Male","15 - 74 years","2017","03",92.8
"Male","25 - 74 years","2017","03",69.5
"Female","15 - 24 years","2017","03",16.7
"Female","15 - 74 years","2017","03",71.2
"Female","25 - 74 years","2017","03",54.5
"Both","15 - 24 years","2017","04",41.5
"Both","15 - 74 years","2017","04",158.1
"Both","25 - 74 years","2017","04",116.5
"Male","15 - 24 years","2017","04",25
"Male","15 - 74 years","2017","04",92.1
"Male","25 - 74 years","2017","04",67.1
"Female","15 - 24 years","2017","04",16.5
"Female","15 - 74 years","2017","04",66
"Female","25 - 74 years","2017","04",49.5
"Both","15 - 24 years","2017","05",42.3
"Both","15 - 74 years","2017","05",154.6
"Both","25 - 74 years","2017","05",112.3
"Male","15 - 24 years","2017","05",25.8
"Male","15 - 74 years","2017","05",91.4
"Male","25 - 74 years","2017","05",65.5
"Female","15 - 24 years","2017","05",16.4
"Female","15 - 74 years","2017","05",63.2
"Female","25 - 74 years","2017","05",46.8
"Both","15 - 24 years","2017","06",41.9
"Both","15 - 74 years","2017","06",153.7
"Both","25 - 74 years","2017","06",111.9
"Male","15 - 24 years","2017","06",25.1
"Male","15 - 74 years","2017","06",90.4
"Male","25 - 74 years","2017","06",65.3
"Female","15 - 24 years","2017","06",16.8
"Female","15 - 74 years","2017","06",63.3
"Female","25 - 74 years","2017","06",46.5
"Both","15 - 24 years","2017","07",39.9
"Both","15 - 74 years","2017","07",155.9
"Both","25 - 74 years","2017","07",116
"Male","15 - 24 years","2017","07",22.9
"Male","15 - 74 years","2017","07",89.5
"Male","25 - 74 years","2017","07",66.7
"Female","15 - 24 years","2017","07",17.1
"Female","15 - 74 years","2017","07",66.3
"Female","25 - 74 years","2017","07",49.3
"Both","15 - 24 years","2017","08",38.5
"Both","15 - 74 years","2017","08",155.1
"Both","25 - 74 years","2017","08",116.6
"Male","15 - 24 years","2017","08",21.8
"Male","15 - 74 years","2017","08",88.2
"Male","25 - 74 years","2017","08",66.4
"Female","15 - 24 years","2017","08",16.7
"Female","15 - 74 years","2017","08",66.9
"Female","25 - 74 years","2017","08",50.1
"Both","15 - 24 years","2017","09",38.1
"Both","15 - 74 years","2017","09",156.6
"Both","25 - 74 years","2017","09",118.4
"Male","15 - 24 years","2017","09",21.6
"Male","15 - 74 years","2017","09",88.8
"Male","25 - 74 years","2017","09",67.2
"Female","15 - 24 years","2017","09",16.6
"Female","15 - 74 years","2017","09",67.8
"Female","25 - 74 years","2017","09",51.2
"Both","15 - 24 years","2017","10",37.6
"Both","15 - 74 years","2017","10",155.3
"Both","25 - 74 years","2017","10",117.8
"Male","15 - 24 years","2017","10",22
"Male","15 - 74 years","2017","10",89.5
"Male","25 - 74 years","2017","10",67.5
"Female","15 - 24 years","2017","10",15.6
"Female","15 - 74 years","2017","10",65.9
"Female","25 - 74 years","2017","10",50.3
"Both","15 - 24 years","2017","11",36.6
"Both","15 - 74 years","2017","11",151.7
"Both","25 - 74 years","2017","11",115.1
"Male","15 - 24 years","2017","11",21.7
"Male","15 - 74 years","2017","11",87.4
"Male","25 - 74 years","2017","11",65.7
"Female","15 - 24 years","2017","11",14.9
"Female","15 - 74 years","2017","11",64.3
"Female","25 - 74 years","2017","11",49.4
"Both","15 - 24 years","2017","12",36.9
"Both","15 - 74 years","2017","12",146.7
"Both","25 - 74 years","2017","12",109.8
"Male","15 - 24 years","2017","12",21.4
"Male","15 - 74 years","2017","12",83.6
"Male","25 - 74 years","2017","12",62.2
"Female","15 - 24 years","2017","12",15.5
"Female","15 - 74 years","2017","12",63.1
"Female","25 - 74 years","2017","12",47.6
"Both","15 - 24 years","2018","01",37
"Both","15 - 74 years","2018","01",139.6
"Both","25 - 74 years","2018","01",102.6
"Male","15 - 24 years","2018","01",20.9
"Male","15 - 74 years","2018","01",77.7
"Male","25 - 74 years","2018","01",56.8
"Female","15 - 24 years","2018","01",16.1
"Female","15 - 74 years","2018","01",61.9
"Female","25 - 74 years","2018","01",45.7
"Both","15 - 24 years","2018","02",36.9
"Both","15 - 74 years","2018","02",136.1
"Both","25 - 74 years","2018","02",99.2
"Male","15 - 24 years","2018","02",20.4
"Male","15 - 74 years","2018","02",74.8
"Male","25 - 74 years","2018","02",54.4
"Female","15 - 24 years","2018","02",16.4
"Female","15 - 74 years","2018","02",61.3
"Female","25 - 74 years","2018","02",44.8
"Both","15 - 24 years","2018","03",38.3
"Both","15 - 74 years","2018","03",137.2
"Both","25 - 74 years","2018","03",98.9
"Male","15 - 24 years","2018","03",21.3
"Male","15 - 74 years","2018","03",75.5
"Male","25 - 74 years","2018","03",54.2
"Female","15 - 24 years","2018","03",17
"Female","15 - 74 years","2018","03",61.7
"Female","25 - 74 years","2018","03",44.7
"Both","15 - 24 years","2018","04",39
"Both","15 - 74 years","2018","04",139.3
"Both","25 - 74 years","2018","04",100.3
"Male","15 - 24 years","2018","04",22
"Male","15 - 74 years","2018","04",77.1
"Male","25 - 74 years","2018","04",55.2
"Female","15 - 24 years","2018","04",17
"Female","15 - 74 years","2018","04",62.2
"Female","25 - 74 years","2018","04",45.1
"Both","15 - 24 years","2018","05",40.1
"Both","15 - 74 years","2018","05",140.5
"Both","25 - 74 years","2018","05",100.5
"Male","15 - 24 years","2018","05",22.7
"Male","15 - 74 years","2018","05",77.7
"Male","25 - 74 years","2018","05",55.1
"Female","15 - 24 years","2018","05",17.4
"Female","15 - 74 years","2018","05",62.8
"Female","25 - 74 years","2018","05",45.4
"Both","15 - 24 years","2018","06",40.1
"Both","15 - 74 years","2018","06",139.3
"Both","25 - 74 years","2018","06",99.1
"Male","15 - 24 years","2018","06",22.7
"Male","15 - 74 years","2018","06",76.6
"Male","25 - 74 years","2018","06",53.9
"Female","15 - 24 years","2018","06",17.5
"Female","15 - 74 years","2018","06",62.7
"Female","25 - 74 years","2018","06",45.2
"Both","15 - 24 years","2018","07",40.3
"Both","15 - 74 years","2018","07",137.6
"Both","25 - 74 years","2018","07",97.3
"Male","15 - 24 years","2018","07",22.6
"Male","15 - 74 years","2018","07",75
"Male","25 - 74 years","2018","07",52.4
"Female","15 - 24 years","2018","07",17.7
"Female","15 - 74 years","2018","07",62.6
"Female","25 - 74 years","2018","07",44.9
"Both","15 - 24 years","2018","08",40
"Both","15 - 74 years","2018","08",134.8
"Both","25 - 74 years","2018","08",94.9
"Male","15 - 24 years","2018","08",22.6
"Male","15 - 74 years","2018","08",72.9
"Male","25 - 74 years","2018","08",50.3
"Female","15 - 24 years","2018","08",17.4
"Female","15 - 74 years","2018","08",61.9
"Female","25 - 74 years","2018","08",44.5
"Both","15 - 24 years","2018","09",39.1
"Both","15 - 74 years","2018","09",135.1
"Both","25 - 74 years","2018","09",96
"Male","15 - 24 years","2018","09",22.3
"Male","15 - 74 years","2018","09",72.8
"Male","25 - 74 years","2018","09",50.5
"Female","15 - 24 years","2018","09",16.8
"Female","15 - 74 years","2018","09",62.3
"Female","25 - 74 years","2018","09",45.5
"Both","15 - 24 years","2018","10",37.9
"Both","15 - 74 years","2018","10",135.4
"Both","25 - 74 years","2018","10",97.6
"Male","15 - 24 years","2018","10",21.8
"Male","15 - 74 years","2018","10",72.5
"Male","25 - 74 years","2018","10",50.7
"Female","15 - 24 years","2018","10",16
"Female","15 - 74 years","2018","10",62.9
"Female","25 - 74 years","2018","10",46.9
"Both","15 - 24 years","2018","11",37.4
"Both","15 - 74 years","2018","11",135.5
"Both","25 - 74 years","2018","11",98.1
"Male","15 - 24 years","2018","11",21.9
"Male","15 - 74 years","2018","11",72.4
"Male","25 - 74 years","2018","11",50.5
"Female","15 - 24 years","2018","11",15.4
"Female","15 - 74 years","2018","11",63.1
"Female","25 - 74 years","2018","11",47.7
"Both","15 - 24 years","2018","12",39
"Both","15 - 74 years","2018","12",136.9
"Both","25 - 74 years","2018","12",97.8
"Male","15 - 24 years","2018","12",23.2
"Male","15 - 74 years","2018","12",73.2
"Male","25 - 74 years","2018","12",50
"Female","15 - 24 years","2018","12",15.9
"Female","15 - 74 years","2018","12",63.7
"Female","25 - 74 years","2018","12",47.8
"Both","15 - 24 years","2019","01",40.6
"Both","15 - 74 years","2019","01",137.2
"Both","25 - 74 years","2019","01",96.6
"Male","15 - 24 years","2019","01",24.3
"Male","15 - 74 years","2019","01",73.4
"Male","25 - 74 years","2019","01",49.1
"Female","15 - 24 years","2019","01",16.3
"Female","15 - 74 years","2019","01",63.7
"Female","25 - 74 years","2019","01",47.4
